Total Accesses:,7086622
Frames,Misses,Miss Rate
1,6188885,0.873319
2,4683848,0.660942
3,4424071,0.624285
4,4286642,0.604892
5,4210369,0.594129
6,4165967,0.587864
7,4142563,0.584561
8,4128412,0.582564
9,4120457,0.581442
10,4115621,0.580759
11,4112477,0.580316
12,4110308,0.580009
13,4108646,0.579775
14,4107416,0.579601
15,4106501,0.579472
16,4105801,0.579374
17,4105241,0.579294
18,4104833,0.579237
19,4104484,0.579188
20,4104180,0.579145
21,4103924,0.579109
22,4103713,0.579079
23,4103541,0.579055
24,4103391,0.579033
25,4103266,0.579016
26,4103157,0.579000
27,4103057,0.578986
28,4102989,0.578977
29,4102921,0.578967
30,4102858,0.578958
31,4102816,0.578952
32,4102778,0.578947
33,4102743,0.578942
34,4102712,0.578938
35,4102690,0.578935
36,4102660,0.578930
37,4102638,0.578927
38,4102612,0.578923
39,4102598,0.578922
40,4102586,0.578920
41,4102574,0.578918
42,4102565,0.578917
43,4102550,0.578915
44,4102540,0.578913
45,4102535,0.578913
46,4102528,0.578912
47,4102518,0.578910
48,4102512,0.578909
49,4102506,0.578909
50,4102494,0.578907
51,4102489,0.578906
52,4102486,0.578906
53,4102479,0.578905
54,4102473,0.578904
55,4102470,0.578903
56,4102469,0.578903
57,4102465,0.578903
58,4102455,0.578901
59,4102453,0.578901
60,4102446,0.578900
61,4102439,0.578899
62,4102436,0.578899
63,4102432,0.578898
64,4102432,0.578898
65,4102427,0.578897
66,4102425,0.578897
67,4102421,0.578897
68,4102420,0.578896
69,4102411,0.578895
70,4102406,0.578894
71,4102399,0.578893
72,4102395,0.578893
73,4102390,0.578892
74,4102376,0.578890
75,4102370,0.578889
76,4102362,0.578888
77,4102358,0.578888
78,4102355,0.578887
79,4102351,0.578887
80,4102349,0.578886
81,4102345,0.578886
82,4102341,0.578885
83,4102332,0.578884
84,4102322,0.578883
85,4102319,0.578882
86,4102313,0.578881
87,4102307,0.578880
88,4102294,0.578879
89,4102292,0.578878
90,4102291,0.578878
91,4102288,0.578878
92,4102283,0.578877
93,4102278,0.578876
94,4102269,0.578875
95,4102267,0.578875
96,4102264,0.578874
97,4102264,0.578874
98,4102261,0.578874
99,4102259,0.578874
100,4102257,0.578873
101,4102257,0.578873
102,4102257,0.578873
103,4102257,0.578873
104,4102256,0.578873
105,4102256,0.578873
106,4102256,0.578873
107,4102256,0.578873
108,4102256,0.578873
109,4102255,0.578873
110,4102255,0.578873
111,4102254,0.578873
112,4102254,0.578873
113,4102254,0.578873
114,4102254,0.578873
115,4102254,0.578873
116,4102254,0.578873
117,4102254,0.578873
118,4102254,0.578873
119,4102254,0.578873
120,4102254,0.578873
121,4102254,0.578873
122,4102252,0.578873
123,4102252,0.578873
124,4102252,0.578873
125,4102252,0.578873
126,4102252,0.578873
127,4102252,0.578873
128,4102252,0.578873
129,4102252,0.578873
130,4102252,0.578873
131,4102252,0.578873
132,4102252,0.578873
133,4102252,0.578873
134,4102252,0.578873
135,4102252,0.578873
136,4102252,0.578873
137,4102252,0.578873
138,4102252,0.578873
139,4102252,0.578873
140,4102252,0.578873
141,4102252,0.578873
142,4102252,0.578873
143,4102252,0.578873
144,4102252,0.578873
145,4102252,0.578873
146,4102252,0.578873
147,4102252,0.578873
148,4102252,0.578873
149,4102252,0.578873
150,4102252,0.578873
151,4102252,0.578873
152,4102252,0.578873
153,4102252,0.578873
154,4102252,0.578873
155,4102252,0.578873
156,4102252,0.578873
157,4102252,0.578873
158,4102252,0.578873
159,4102252,0.578873
160,4102252,0.578873
161,4102252,0.578873
162,4102252,0.578873
163,4102252,0.578873
164,4102252,0.578873
165,4102252,0.578873
166,4102252,0.578873
167,4102252,0.578873
168,4102252,0.578873
169,4102252,0.578873
170,4102252,0.578873
171,4102252,0.578873
172,4102252,0.578873
173,4102252,0.578873
174,4102252,0.578873
175,4102252,0.578873
176,4102252,0.578873
177,4102252,0.578873
178,4102252,0.578873
179,4102252,0.578873
180,4102252,0.578873
181,4102252,0.578873
182,4102252,0.578873
183,4102252,0.578873
184,4102252,0.578873
185,4102252,0.578873
186,4102252,0.578873
187,4102252,0.578873
188,4102252,0.578873
189,4102252,0.578873
190,4102252,0.578873
191,4102252,0.578873
192,4102252,0.578873
193,4102252,0.578873
194,4102252,0.578873
195,4102252,0.578873
196,4102252,0.578873
197,4102252,0.578873
198,4102252,0.578873
199,4102252,0.578873
200,4102252,0.578873
201,4102252,0.578873
202,4102252,0.578873
203,4102252,0.578873
204,4102252,0.578873
205,4102252,0.578873
206,4102252,0.578873
207,4102252,0.578873
208,4102252,0.578873
209,4102252,0.578873
210,4102252,0.578873
211,4102252,0.578873
212,4102252,0.578873
213,4102252,0.578873
214,4102252,0.578873
215,4102252,0.578873
216,4102252,0.578873
217,4102252,0.578873
218,4102252,0.578873
219,4102252,0.578873
220,4102252,0.578873
221,4102252,0.578873
222,4102252,0.578873
223,4102252,0.578873
224,4102252,0.578873
225,4102252,0.578873
226,4102252,0.578873
227,4102252,0.578873
228,4102252,0.578873
229,4102252,0.578873
230,4102252,0.578873
231,4102252,0.578873
232,4102252,0.578873
233,4102252,0.578873
234,4102252,0.578873
235,4102252,0.578873
236,4102252,0.578873
237,4102252,0.578873
238,4102252,0.578873
239,4102252,0.578873
240,4102252,0.578873
241,4102252,0.578873
242,4102252,0.578873
243,4102252,0.578873
244,4102252,0.578873
245,4102252,0.578873
246,4102252,0.578873
247,4102252,0.578873
248,4102252,0.578873
249,4102252,0.578873
250,4102252,0.578873
251,4102252,0.578873
252,4102252,0.578873
253,4102252,0.578873
254,4102252,0.578873
255,4102252,0.578873
256,4102252,0.578873
257,4102252,0.578873
258,4102252,0.578873
259,4102252,0.578873
260,4102252,0.578873
261,4102252,0.578873
262,4102252,0.578873
263,4102252,0.578873
264,4102252,0.578873
265,4102252,0.578873
266,4102252,0.578873
267,4102252,0.578873
268,4102252,0.578873
269,4102252,0.578873
270,4102252,0.578873
271,4102252,0.578873
272,4102252,0.578873
273,4102252,0.578873
274,4102252,0.578873
275,4102252,0.578873
276,4102252,0.578873
277,4102252,0.578873
278,4102252,0.578873
279,4102252,0.578873
280,4102252,0.578873
281,4102252,0.578873
282,4102252,0.578873
283,4102252,0.578873
284,4102252,0.578873
285,4102252,0.578873
286,4102252,0.578873
287,4102252,0.578873
288,4102252,0.578873
289,4102252,0.578873
290,4102252,0.578873
291,4102252,0.578873
292,4102252,0.578873
293,4102252,0.578873
294,4102252,0.578873
295,4102252,0.578873
296,4102252,0.578873
297,4102252,0.578873
298,4102252,0.578873
299,4102252,0.578873
300,4102252,0.578873
301,4102252,0.578873
302,4102252,0.578873
303,4102252,0.578873
304,4102252,0.578873
305,4102252,0.578873
306,4102252,0.578873
307,4102252,0.578873
308,4102252,0.578873
309,4102252,0.578873
310,4102252,0.578873
311,4102252,0.578873
312,4102252,0.578873
313,4102252,0.578873
314,4102252,0.578873
315,4102252,0.578873
316,4102252,0.578873
317,4102252,0.578873
318,4102252,0.578873
319,4102252,0.578873
320,4102252,0.578873
321,4102252,0.578873
322,4102252,0.578873
323,4102252,0.578873
324,4102252,0.578873
325,4102252,0.578873
326,4102252,0.578873
327,4102252,0.578873
328,4102252,0.578873
329,4102252,0.578873
330,4102252,0.578873
331,4102252,0.578873
332,4102252,0.578873
333,4102252,0.578873
334,4102252,0.578873
335,4102252,0.578873
336,4102252,0.578873
337,4102252,0.578873
338,4102252,0.578873
339,4102252,0.578873
340,4102252,0.578873
341,4102252,0.578873
342,4102252,0.578873
343,4102252,0.578873
344,4102252,0.578873
345,4102252,0.578873
346,4102252,0.578873
347,4102252,0.578873
348,4102252,0.578873
349,4102252,0.578873
350,4102252,0.578873
351,4102252,0.578873
352,4102252,0.578873
353,4102252,0.578873
354,4102252,0.578873
355,4102252,0.578873
356,4102252,0.578873
357,4102252,0.578873
358,4102252,0.578873
359,4102252,0.578873
360,4102252,0.578873
361,4102252,0.578873
362,4102252,0.578873
363,4102252,0.578873
364,4102252,0.578873
365,4102252,0.578873
366,4102252,0.578873
367,4102252,0.578873
368,4102252,0.578873
369,4102252,0.578873
370,4102252,0.578873
371,4102252,0.578873
372,4102252,0.578873
373,4102252,0.578873
374,4102252,0.578873
375,4102252,0.578873
376,4102252,0.578873
377,4102252,0.578873
378,4102252,0.578873
379,4102252,0.578873
380,4102252,0.578873
381,4102252,0.578873
382,4102252,0.578873
383,4102252,0.578873
384,4102252,0.578873
385,4102252,0.578873
386,4102252,0.578873
387,4102252,0.578873
388,4102252,0.578873
389,4102252,0.578873
390,4102252,0.578873
391,4102252,0.578873
392,4102252,0.578873
393,4102252,0.578873
394,4102252,0.578873
395,4102252,0.578873
396,4102252,0.578873
397,4102252,0.578873
398,4102252,0.578873
399,4102252,0.578873
400,4102252,0.578873
401,4102252,0.578873
402,4102252,0.578873
403,4102252,0.578873
404,4102252,0.578873
405,4102252,0.578873
406,4102252,0.578873
407,4102252,0.578873
408,4102252,0.578873
409,4102252,0.578873
410,4102252,0.578873
411,4102252,0.578873
412,4102252,0.578873
413,4102252,0.578873
414,4102252,0.578873
415,4102252,0.578873
416,4102252,0.578873
417,4102252,0.578873
418,4102252,0.578873
419,4102252,0.578873
420,4102252,0.578873
421,4102252,0.578873
422,4102252,0.578873
423,4102252,0.578873
424,4102252,0.578873
425,4102252,0.578873
426,4102252,0.578873
427,4102252,0.578873
428,4102252,0.578873
429,4102252,0.578873
430,4102252,0.578873
431,4102252,0.578873
432,4102252,0.578873
433,4102252,0.578873
434,4102252,0.578873
435,4102252,0.578873
436,4102252,0.578873
437,4102252,0.578873
438,4102252,0.578873
439,4102252,0.578873
440,4102252,0.578873
441,4102252,0.578873
442,4102252,0.578873
443,4102252,0.578873
444,4102252,0.578873
445,4102252,0.578873
446,4102252,0.578873
447,4102252,0.578873
448,4102252,0.578873
449,4102252,0.578873
450,4102252,0.578873
451,4102252,0.578873
452,4102252,0.578873
453,4102252,0.578873
454,4102252,0.578873
455,4102252,0.578873
456,4102252,0.578873
457,4102252,0.578873
458,4102252,0.578873
459,4102252,0.578873
460,4102252,0.578873
461,4102252,0.578873
462,4102252,0.578873
463,4102252,0.578873
464,4102252,0.578873
465,4102252,0.578873
466,4102252,0.578873
467,4102252,0.578873
468,4102252,0.578873
469,4102252,0.578873
470,4102252,0.578873
471,4102252,0.578873
472,4102252,0.578873
473,4102252,0.578873
474,4102252,0.578873
475,4102252,0.578873
476,4102252,0.578873
477,4102252,0.578873
478,4102252,0.578873
479,4102252,0.578873
480,4102252,0.578873
481,4102252,0.578873
482,4102252,0.578873
483,4102252,0.578873
484,4102252,0.578873
485,4102252,0.578873
486,4102252,0.578873
487,4102252,0.578873
488,4102252,0.578873
489,4102252,0.578873
490,4102252,0.578873
491,4102252,0.578873
492,4102252,0.578873
493,4102252,0.578873
494,4102252,0.578873
495,4102252,0.578873
496,4102252,0.578873
497,4102252,0.578873
498,4102252,0.578873
499,4102252,0.578873
500,4102252,0.578873
501,4102252,0.578873
502,4102252,0.578873
503,4102252,0.578873
504,4102252,0.578873
505,4102252,0.578873
506,4102252,0.578873
507,4102252,0.578873
508,4102252,0.578873
509,4102252,0.578873
510,4102252,0.578873
511,4102252,0.578873
512,4102252,0.578873
513,4102252,0.578873
514,4102252,0.578873
515,4102252,0.578873
516,4102252,0.578873
517,4102252,0.578873
518,4102252,0.578873
519,4102252,0.578873
520,4102252,0.578873
521,4102252,0.578873
522,4102252,0.578873
523,4102252,0.578873
524,4102252,0.578873
525,4102252,0.578873
526,4102252,0.578873
527,4102252,0.578873
528,4102252,0.578873
529,4102252,0.578873
530,4102252,0.578873
531,4102252,0.578873
532,4102252,0.578873
533,4102252,0.578873
534,4102252,0.578873
535,4102252,0.578873
536,4102252,0.578873
537,4102252,0.578873
538,4102252,0.578873
539,4102252,0.578873
540,4102252,0.578873
541,4102252,0.578873
542,4102252,0.578873
543,4102252,0.578873
544,4102252,0.578873
545,4102252,0.578873
546,4102252,0.578873
547,4102252,0.578873
548,4102252,0.578873
549,4102252,0.578873
550,4102252,0.578873
551,4102252,0.578873
552,4102252,0.578873
553,4102252,0.578873
554,4102252,0.578873
555,4102252,0.578873
556,4102252,0.578873
557,4102252,0.578873
558,4102252,0.578873
559,4102252,0.578873
560,4102252,0.578873
561,4102252,0.578873
562,4102252,0.578873
563,4102252,0.578873
564,4102252,0.578873
565,4102252,0.578873
566,4102252,0.578873
567,4102252,0.578873
568,4102252,0.578873
569,4102252,0.578873
570,4102252,0.578873
571,4102252,0.578873
572,4102252,0.578873
573,4102252,0.578873
574,4102252,0.578873
575,4102252,0.578873
576,4102252,0.578873
577,4102252,0.578873
578,4102252,0.578873
579,4102252,0.578873
580,4102252,0.578873
581,4102252,0.578873
582,4102252,0.578873
583,4102252,0.578873
584,4102252,0.578873
585,4102252,0.578873
586,4102252,0.578873
587,4102252,0.578873
588,4102252,0.578873
589,4102252,0.578873
590,4102252,0.578873
591,4102252,0.578873
592,4102252,0.578873
593,4102252,0.578873
594,4102252,0.578873
595,4102252,0.578873
596,4102252,0.578873
597,4102252,0.578873
598,4102252,0.578873
599,4102252,0.578873
600,4102252,0.578873
601,4102252,0.578873
602,4102252,0.578873
603,4102252,0.578873
604,4102252,0.578873
605,4102252,0.578873
606,4102252,0.578873
607,4102252,0.578873
608,4102252,0.578873
609,4102252,0.578873
610,4102252,0.578873
611,4102252,0.578873
612,4102252,0.578873
613,4102252,0.578873
614,4102252,0.578873
615,4102252,0.578873
616,4102252,0.578873
617,4102252,0.578873
618,4102252,0.578873
619,4102252,0.578873
620,4102252,0.578873
621,4102252,0.578873
622,4102252,0.578873
623,4102252,0.578873
624,4102252,0.578873
625,4102252,0.578873
626,4102252,0.578873
627,4102252,0.578873
628,4102252,0.578873
629,4102252,0.578873
630,4102252,0.578873
631,4102252,0.578873
632,4102252,0.578873
633,4102252,0.578873
634,4102252,0.578873
635,4102252,0.578873
636,4102252,0.578873
637,4102252,0.578873
638,4102252,0.578873
639,4102252,0.578873
640,4102252,0.578873
641,4102252,0.578873
642,4102252,0.578873
643,4102252,0.578873
644,4102252,0.578873
645,4102252,0.578873
646,4102252,0.578873
647,4102252,0.578873
648,4102252,0.578873
649,4102252,0.578873
650,4102252,0.578873
651,4102252,0.578873
652,4102252,0.578873
653,4102252,0.578873
654,4102252,0.578873
655,4102252,0.578873
656,4102252,0.578873
657,4102252,0.578873
658,4102252,0.578873
659,4102252,0.578873
660,4102252,0.578873
661,4102252,0.578873
662,4102252,0.578873
663,4102252,0.578873
664,4102252,0.578873
665,4102252,0.578873
666,4102252,0.578873
667,4102252,0.578873
668,4102252,0.578873
669,4102252,0.578873
670,4102252,0.578873
671,4102252,0.578873
672,4102252,0.578873
673,4102252,0.578873
674,4102252,0.578873
675,4102252,0.578873
676,4102252,0.578873
677,4102252,0.578873
678,4102252,0.578873
679,4102252,0.578873
680,4102252,0.578873
681,4102252,0.578873
682,4102252,0.578873
683,4102252,0.578873
684,4102252,0.578873
685,4102252,0.578873
686,4102252,0.578873
687,4102252,0.578873
688,4102252,0.578873
689,4102252,0.578873
690,4102252,0.578873
691,4102252,0.578873
692,4102252,0.578873
693,4102252,0.578873
694,4102252,0.578873
695,4102252,0.578873
696,4102252,0.578873
697,4102252,0.578873
698,4102252,0.578873
699,4102252,0.578873
700,4102252,0.578873
701,4102252,0.578873
702,4102252,0.578873
703,4102252,0.578873
704,4102252,0.578873
705,4102252,0.578873
706,4102252,0.578873
707,4102252,0.578873
708,4102252,0.578873
709,4102252,0.578873
710,4102252,0.578873
711,4102252,0.578873
712,4102252,0.578873
713,4102252,0.578873
714,4102252,0.578873
715,4102252,0.578873
716,4102252,0.578873
717,4102252,0.578873
718,4102252,0.578873
719,4102252,0.578873
720,4102252,0.578873
721,4102252,0.578873
722,4102252,0.578873
723,4102252,0.578873
724,4102252,0.578873
725,4102252,0.578873
726,4102252,0.578873
727,4102252,0.578873
728,4102252,0.578873
729,4102252,0.578873
730,4102252,0.578873
731,4102252,0.578873
732,4102252,0.578873
733,4102252,0.578873
734,4102252,0.578873
735,4102252,0.578873
736,4102252,0.578873
737,4102252,0.578873
738,4102252,0.578873
739,4102252,0.578873
740,4102252,0.578873
741,4102252,0.578873
742,4102252,0.578873
743,4102252,0.578873
744,4102252,0.578873
745,4102252,0.578873
746,4102252,0.578873
747,4102252,0.578873
748,4102252,0.578873
749,4102252,0.578873
750,4102252,0.578873
751,4102252,0.578873
752,4102252,0.578873
753,4102252,0.578873
754,4102252,0.578873
755,4102252,0.578873
756,4102252,0.578873
757,4102252,0.578873
758,4102252,0.578873
759,4102252,0.578873
760,4102252,0.578873
761,4102252,0.578873
762,4102252,0.578873
763,4102252,0.578873
764,4102252,0.578873
765,4102252,0.578873
766,4102252,0.578873
767,4102252,0.578873
768,4102252,0.578873
769,4102252,0.578873
770,4102252,0.578873
771,4102252,0.578873
772,4102252,0.578873
773,4102252,0.578873
774,4102252,0.578873
775,4102252,0.578873
776,4102252,0.578873
777,4102252,0.578873
778,4102252,0.578873
779,4102252,0.578873
780,4102252,0.578873
781,4102252,0.578873
782,4102252,0.578873
783,4102252,0.578873
784,4102252,0.578873
785,4102252,0.578873
786,4102252,0.578873
787,4102252,0.578873
788,4102252,0.578873
789,4102252,0.578873
790,4102252,0.578873
791,4102252,0.578873
792,4102252,0.578873
793,4102252,0.578873
794,4102252,0.578873
795,4102252,0.578873
796,4102252,0.578873
797,4102252,0.578873
798,4102252,0.578873
799,4102252,0.578873
800,4102252,0.578873
801,4102252,0.578873
802,4102252,0.578873
803,4102252,0.578873
804,4102252,0.578873
805,4102252,0.578873
806,4102252,0.578873
807,4102252,0.578873
808,4102252,0.578873
809,4102252,0.578873
810,4102252,0.578873
811,4102252,0.578873
812,4102252,0.578873
813,4102252,0.578873
814,4102252,0.578873
815,4102252,0.578873
816,4102252,0.578873
817,4102252,0.578873
818,4102252,0.578873
819,4102252,0.578873
820,4102252,0.578873
821,4102252,0.578873
822,4102252,0.578873
823,4102252,0.578873
824,4102252,0.578873
825,4102252,0.578873
826,4102252,0.578873
827,4102252,0.578873
828,4102252,0.578873
829,4102252,0.578873
830,4102252,0.578873
831,4102252,0.578873
832,4102252,0.578873
833,4102252,0.578873
834,4102252,0.578873
835,4102252,0.578873
836,4102252,0.578873
837,4102252,0.578873
838,4102252,0.578873
839,4102252,0.578873
840,4102252,0.578873
841,4102252,0.578873
842,4102252,0.578873
843,4102252,0.578873
844,4102252,0.578873
845,4102252,0.578873
846,4102252,0.578873
847,4102252,0.578873
848,4102252,0.578873
849,4102252,0.578873
850,4102252,0.578873
851,4102252,0.578873
852,4102252,0.578873
853,4102252,0.578873
854,4102252,0.578873
855,4102252,0.578873
856,4102252,0.578873
857,4102252,0.578873
858,4102252,0.578873
859,4102252,0.578873
860,4102252,0.578873
861,4102252,0.578873
862,4102252,0.578873
863,4102252,0.578873
864,4102252,0.578873
865,4102252,0.578873
866,4102252,0.578873
867,4102252,0.578873
868,4102252,0.578873
869,4102252,0.578873
870,4102252,0.578873
871,4102252,0.578873
872,4102252,0.578873
873,4102252,0.578873
874,4102252,0.578873
875,4102252,0.578873
876,4102252,0.578873
877,4102252,0.578873
878,4102252,0.578873
879,4102252,0.578873
880,4102252,0.578873
881,4102252,0.578873
882,4102252,0.578873
883,4102252,0.578873
884,4102252,0.578873
885,4102252,0.578873
886,4102252,0.578873
887,4102252,0.578873
888,4102252,0.578873
889,4102252,0.578873
890,4102252,0.578873
891,4102252,0.578873
892,4102252,0.578873
893,4102252,0.578873
894,4102252,0.578873
895,4102252,0.578873
896,4102252,0.578873
897,4102252,0.578873
898,4102252,0.578873
899,4102252,0.578873
900,4102252,0.578873
901,4102252,0.578873
902,4102252,0.578873
903,4102252,0.578873
904,4102252,0.578873
905,4102252,0.578873
906,4102252,0.578873
907,4102252,0.578873
908,4102252,0.578873
909,4102252,0.578873
910,4102252,0.578873
911,4102252,0.578873
912,4102252,0.578873
913,4102252,0.578873
914,4102252,0.578873
915,4102252,0.578873
916,4102252,0.578873
917,4102252,0.578873
918,4102252,0.578873
919,4102252,0.578873
920,4102252,0.578873
921,4102252,0.578873
922,4102252,0.578873
923,4102252,0.578873
924,4102252,0.578873
925,4102252,0.578873
926,4102252,0.578873
927,4102252,0.578873
928,4102252,0.578873
929,4102252,0.578873
930,4102252,0.578873
931,4102252,0.578873
932,4102252,0.578873
933,4102252,0.578873
934,4102252,0.578873
935,4102252,0.578873
936,4102252,0.578873
937,4102252,0.578873
938,4102252,0.578873
939,4102252,0.578873
940,4102252,0.578873
941,4102252,0.578873
942,4102252,0.578873
943,4102252,0.578873
944,4102252,0.578873
945,4102252,0.578873
946,4102252,0.578873
947,4102252,0.578873
948,4102252,0.578873
949,4102252,0.578873
950,4102252,0.578873
951,4102252,0.578873
952,4102252,0.578873
953,4102252,0.578873
954,4102252,0.578873
955,4102252,0.578873
956,4102252,0.578873
957,4102252,0.578873
958,4102252,0.578873
959,4102252,0.578873
960,4102252,0.578873
961,4102252,0.578873
962,4102252,0.578873
963,4102252,0.578873
964,4102252,0.578873
965,4102252,0.578873
966,4102252,0.578873
967,4102252,0.578873
968,4102252,0.578873
969,4102252,0.578873
970,4102252,0.578873
971,4102252,0.578873
972,4102252,0.578873
973,4102252,0.578873
974,4102252,0.578873
975,4102252,0.578873
976,4102252,0.578873
977,4102252,0.578873
978,4102252,0.578873
979,4102252,0.578873
980,4102252,0.578873
981,4102252,0.578873
982,4102252,0.578873
983,4102252,0.578873
984,4102252,0.578873
985,4102252,0.578873
986,4102252,0.578873
987,4102252,0.578873
988,4102252,0.578873
989,4102252,0.578873
990,4102252,0.578873
991,4102252,0.578873
992,4102252,0.578873
993,4102252,0.578873
994,4102252,0.578873
995,4102252,0.578873
996,4102252,0.578873
997,4102252,0.578873
998,4102252,0.578873
999,4102252,0.578873
1000,4102252,0.578873
1001,4102252,0.578873
1002,4102252,0.578873
1003,4102252,0.578873
1004,4102252,0.578873
1005,4102252,0.578873
1006,4102252,0.578873
1007,4102252,0.578873
1008,4102252,0.578873
1009,4102252,0.578873
1010,4102252,0.578873
1011,4102252,0.578873
1012,4102252,0.578873
1013,4102252,0.578873
1014,4102252,0.578873
1015,4102252,0.578873
1016,4102252,0.578873
1017,4102252,0.578873
1018,4102252,0.578873
1019,4102252,0.578873
1020,4102252,0.578873
1021,4102252,0.578873
1022,4102252,0.578873
1023,4102252,0.578873
1024,4102252,0.578873
1025,4102252,0.578873
1026,4102252,0.578873
1027,4102252,0.578873
1028,4102252,0.578873
1029,4102252,0.578873
1030,4102252,0.578873
1031,4102252,0.578873
1032,4102252,0.578873
1033,4102252,0.578873
1034,4102252,0.578873
1035,4102252,0.578873
1036,4102252,0.578873
1037,4102252,0.578873
1038,4102252,0.578873
1039,4102252,0.578873
1040,4102252,0.578873
1041,4102252,0.578873
1042,4102252,0.578873
1043,4102252,0.578873
1044,4102252,0.578873
1045,4102252,0.578873
1046,4102252,0.578873
1047,4102252,0.578873
1048,4102252,0.578873
1049,4102252,0.578873
1050,4102252,0.578873
1051,4102252,0.578873
1052,4102252,0.578873
1053,4102252,0.578873
1054,4102252,0.578873
1055,4102252,0.578873
1056,4102252,0.578873
1057,4102252,0.578873
1058,4102252,0.578873
1059,4102252,0.578873
1060,4102252,0.578873
1061,4102252,0.578873
1062,4102252,0.578873
1063,4102252,0.578873
1064,4102252,0.578873
1065,4102252,0.578873
1066,4102252,0.578873
1067,4102252,0.578873
1068,4102252,0.578873
1069,4102252,0.578873
1070,4102252,0.578873
1071,4102252,0.578873
1072,4102252,0.578873
1073,4102252,0.578873
1074,4102252,0.578873
1075,4102252,0.578873
1076,4102252,0.578873
1077,4102252,0.578873
1078,4102252,0.578873
1079,4102252,0.578873
1080,4102252,0.578873
1081,4102252,0.578873
1082,4102252,0.578873
1083,4102252,0.578873
1084,4102252,0.578873
1085,4102252,0.578873
1086,4102252,0.578873
1087,4102252,0.578873
1088,4102252,0.578873
1089,4102252,0.578873
1090,4102252,0.578873
1091,4102252,0.578873
1092,4102252,0.578873
1093,4102252,0.578873
1094,4102252,0.578873
1095,4102252,0.578873
1096,4102252,0.578873
1097,4102252,0.578873
1098,4102252,0.578873
1099,4102252,0.578873
1100,4102252,0.578873
1101,4102252,0.578873
1102,4102252,0.578873
1103,4102252,0.578873
1104,4102252,0.578873
1105,4102252,0.578873
1106,4102252,0.578873
1107,4102252,0.578873
1108,4102252,0.578873
1109,4102252,0.578873
1110,4102252,0.578873
1111,4102252,0.578873
1112,4102252,0.578873
1113,4102252,0.578873
1114,4102252,0.578873
1115,4102252,0.578873
1116,4102252,0.578873
1117,4102252,0.578873
1118,4102252,0.578873
1119,4102252,0.578873
1120,4102252,0.578873
1121,4102252,0.578873
1122,4102252,0.578873
1123,4102252,0.578873
1124,4102252,0.578873
1125,4102252,0.578873
1126,4102252,0.578873
1127,4102252,0.578873
1128,4102252,0.578873
1129,4102252,0.578873
1130,4102252,0.578873
1131,4102252,0.578873
1132,4102252,0.578873
1133,4102252,0.578873
1134,4102252,0.578873
1135,4102252,0.578873
1136,4102252,0.578873
1137,4102252,0.578873
1138,4102252,0.578873
1139,4102252,0.578873
1140,4102252,0.578873
1141,4102252,0.578873
1142,4102252,0.578873
1143,4102252,0.578873
1144,4102252,0.578873
1145,4102252,0.578873
1146,4102252,0.578873
1147,4102252,0.578873
1148,4102252,0.578873
1149,4102252,0.578873
1150,4102252,0.578873
1151,4102252,0.578873
1152,4102252,0.578873
1153,4102252,0.578873
1154,4102252,0.578873
1155,4102252,0.578873
1156,4102252,0.578873
1157,4102252,0.578873
1158,4102252,0.578873
1159,4102252,0.578873
1160,4102252,0.578873
1161,4102252,0.578873
1162,4102252,0.578873
1163,4102252,0.578873
1164,4102252,0.578873
1165,4102252,0.578873
1166,4102252,0.578873
1167,4102252,0.578873
1168,4102252,0.578873
1169,4102252,0.578873
1170,4102252,0.578873
1171,4102252,0.578873
1172,4102252,0.578873
1173,4102252,0.578873
1174,4102252,0.578873
1175,4102252,0.578873
1176,4102252,0.578873
1177,4102252,0.578873
1178,4102252,0.578873
1179,4102252,0.578873
1180,4102252,0.578873
1181,4102252,0.578873
1182,4102252,0.578873
1183,4102252,0.578873
1184,4102252,0.578873
1185,4102252,0.578873
1186,4102252,0.578873
1187,4102252,0.578873
1188,4102252,0.578873
1189,4102252,0.578873
1190,4102252,0.578873
1191,4102252,0.578873
1192,4102252,0.578873
1193,4102252,0.578873
1194,4102252,0.578873
1195,4102252,0.578873
1196,4102252,0.578873
1197,4102252,0.578873
1198,4102252,0.578873
1199,4102252,0.578873
1200,4102252,0.578873
1201,4102252,0.578873
1202,4102252,0.578873
1203,4102252,0.578873
1204,4102252,0.578873
1205,4102252,0.578873
1206,4102252,0.578873
1207,4102252,0.578873
1208,4102252,0.578873
1209,4102252,0.578873
1210,4102252,0.578873
1211,4102252,0.578873
1212,4102252,0.578873
1213,4102252,0.578873
1214,4102252,0.578873
1215,4102252,0.578873
1216,4102252,0.578873
1217,4102252,0.578873
1218,4102252,0.578873
1219,4102252,0.578873
1220,4102252,0.578873
1221,4102252,0.578873
1222,4102252,0.578873
1223,4102252,0.578873
1224,4102252,0.578873
1225,4102252,0.578873
1226,4102252,0.578873
1227,4102252,0.578873
1228,4102252,0.578873
1229,4102252,0.578873
1230,4102252,0.578873
1231,4102252,0.578873
1232,4102252,0.578873
1233,4102252,0.578873
1234,4102252,0.578873
1235,4102252,0.578873
1236,4102252,0.578873
1237,4102252,0.578873
1238,4102252,0.578873
1239,4102252,0.578873
1240,4102252,0.578873
1241,4102252,0.578873
1242,4102252,0.578873
1243,4102252,0.578873
1244,4102252,0.578873
1245,4102252,0.578873
1246,4102252,0.578873
1247,4102252,0.578873
1248,4102252,0.578873
1249,4102252,0.578873
1250,4102252,0.578873
1251,4102252,0.578873
1252,4102252,0.578873
1253,4102252,0.578873
1254,4102252,0.578873
1255,4102252,0.578873
1256,4102252,0.578873
1257,4102252,0.578873
1258,4102252,0.578873
1259,4102252,0.578873
1260,4102252,0.578873
1261,4102252,0.578873
1262,4102252,0.578873
1263,4102252,0.578873
1264,4102252,0.578873
1265,4102252,0.578873
1266,4102252,0.578873
1267,4102252,0.578873
1268,4102252,0.578873
1269,4102252,0.578873
1270,4102252,0.578873
1271,4102252,0.578873
1272,4102252,0.578873
1273,4102252,0.578873
1274,4102252,0.578873
1275,4102252,0.578873
1276,4102252,0.578873
1277,4102252,0.578873
1278,4102252,0.578873
1279,4102252,0.578873
1280,4102252,0.578873
1281,4102252,0.578873
1282,4102252,0.578873
1283,4102252,0.578873
1284,4102252,0.578873
1285,4102252,0.578873
1286,4102252,0.578873
1287,4102252,0.578873
1288,4102252,0.578873
1289,4102252,0.578873
1290,4102252,0.578873
1291,4102252,0.578873
1292,4102252,0.578873
1293,4102252,0.578873
1294,4102252,0.578873
1295,4102252,0.578873
1296,4102252,0.578873
1297,4102252,0.578873
1298,4102252,0.578873
1299,4102252,0.578873
1300,4102252,0.578873
1301,4102252,0.578873
1302,4102252,0.578873
1303,4102252,0.578873
1304,4102252,0.578873
1305,4102252,0.578873
1306,4102252,0.578873
1307,4102252,0.578873
1308,4102252,0.578873
1309,4102252,0.578873
1310,4102252,0.578873
1311,4102252,0.578873
1312,4102252,0.578873
1313,4102252,0.578873
1314,4102252,0.578873
1315,4102252,0.578873
1316,4102252,0.578873
1317,4102252,0.578873
1318,4102252,0.578873
1319,4102252,0.578873
1320,4102252,0.578873
1321,4102252,0.578873
1322,4102252,0.578873
1323,4102252,0.578873
1324,4102252,0.578873
1325,4102252,0.578873
1326,4102252,0.578873
1327,4102252,0.578873
1328,4102252,0.578873
1329,4102252,0.578873
1330,4102252,0.578873
1331,4102252,0.578873
1332,4102252,0.578873
1333,4102252,0.578873
1334,4102252,0.578873
1335,4102252,0.578873
1336,4102252,0.578873
1337,4102252,0.578873
1338,4102252,0.578873
1339,4102252,0.578873
1340,4102252,0.578873
1341,4102252,0.578873
1342,4102252,0.578873
1343,4102252,0.578873
1344,4102252,0.578873
1345,4102252,0.578873
1346,4102252,0.578873
1347,4102252,0.578873
1348,4102252,0.578873
1349,4102252,0.578873
1350,4102252,0.578873
1351,4102252,0.578873
1352,4102252,0.578873
1353,4102252,0.578873
1354,4102252,0.578873
1355,4102252,0.578873
1356,4102252,0.578873
1357,4102252,0.578873
1358,4102252,0.578873
1359,4102252,0.578873
1360,4102252,0.578873
1361,4102252,0.578873
1362,4102252,0.578873
1363,4102252,0.578873
1364,4102252,0.578873
1365,4102252,0.578873
1366,4102252,0.578873
1367,4102252,0.578873
1368,4102252,0.578873
1369,4102252,0.578873
1370,4102252,0.578873
1371,4102252,0.578873
1372,4102252,0.578873
1373,4102252,0.578873
1374,4102252,0.578873
1375,4102252,0.578873
1376,4102252,0.578873
1377,4102252,0.578873
1378,4102252,0.578873
1379,4102252,0.578873
1380,4102252,0.578873
1381,4102252,0.578873
1382,4102252,0.578873
1383,4102252,0.578873
1384,4102252,0.578873
1385,4102252,0.578873
1386,4102252,0.578873
1387,4102252,0.578873
1388,4102252,0.578873
1389,4102252,0.578873
1390,4102252,0.578873
1391,4102252,0.578873
1392,4102252,0.578873
1393,4102252,0.578873
1394,4102252,0.578873
1395,4102252,0.578873
1396,4102252,0.578873
1397,4102252,0.578873
1398,4102252,0.578873
1399,4102252,0.578873
1400,4102252,0.578873
1401,4102252,0.578873
1402,4102252,0.578873
1403,4102252,0.578873
1404,4102252,0.578873
1405,4102252,0.578873
1406,4102252,0.578873
1407,4102252,0.578873
1408,4102252,0.578873
1409,4102252,0.578873
1410,4102252,0.578873
1411,4102252,0.578873
1412,4102252,0.578873
1413,4102252,0.578873
1414,4102252,0.578873
1415,4102252,0.578873
1416,4102252,0.578873
1417,4102252,0.578873
1418,4102252,0.578873
1419,4102252,0.578873
1420,4102252,0.578873
1421,4102252,0.578873
1422,4102252,0.578873
1423,4102252,0.578873
1424,4102252,0.578873
1425,4102252,0.578873
1426,4102252,0.578873
1427,4102252,0.578873
1428,4102252,0.578873
1429,4102252,0.578873
1430,4102252,0.578873
1431,4102252,0.578873
1432,4102252,0.578873
1433,4102252,0.578873
1434,4102252,0.578873
1435,4102252,0.578873
1436,4102252,0.578873
1437,4102252,0.578873
1438,4102252,0.578873
1439,4102252,0.578873
1440,4102252,0.578873
1441,4102252,0.578873
1442,4102252,0.578873
1443,4102252,0.578873
1444,4102252,0.578873
1445,4102252,0.578873
1446,4102252,0.578873
1447,4102252,0.578873
1448,4102252,0.578873
1449,4102252,0.578873
1450,4102252,0.578873
1451,4102252,0.578873
1452,4102252,0.578873
1453,4102252,0.578873
1454,4102252,0.578873
1455,4102252,0.578873
1456,4102252,0.578873
1457,4102252,0.578873
1458,4102252,0.578873
1459,4102252,0.578873
1460,4102252,0.578873
1461,4102252,0.578873
1462,4102252,0.578873
1463,4102252,0.578873
1464,4102252,0.578873
1465,4102252,0.578873
1466,4102252,0.578873
1467,4102252,0.578873
1468,4102252,0.578873
1469,4102252,0.578873
1470,4102252,0.578873
1471,4102252,0.578873
1472,4102252,0.578873
1473,4102252,0.578873
1474,4102252,0.578873
1475,4102252,0.578873
1476,4102252,0.578873
1477,4102252,0.578873
1478,4102252,0.578873
1479,4102252,0.578873
1480,4102252,0.578873
1481,4102252,0.578873
1482,4102252,0.578873
1483,4102252,0.578873
1484,4102252,0.578873
1485,4102252,0.578873
1486,4102252,0.578873
1487,4102252,0.578873
1488,4102252,0.578873
1489,4102252,0.578873
1490,4102252,0.578873
1491,4102252,0.578873
1492,4102252,0.578873
1493,4102252,0.578873
1494,4102252,0.578873
1495,4102252,0.578873
1496,4102252,0.578873
1497,4102252,0.578873
1498,4102252,0.578873
1499,4102252,0.578873
1500,4102252,0.578873
1501,4102252,0.578873
1502,4102252,0.578873
1503,4102252,0.578873
1504,4102252,0.578873
1505,4102252,0.578873
1506,4102252,0.578873
1507,4102252,0.578873
1508,4102252,0.578873
1509,4102252,0.578873
1510,4102252,0.578873
1511,4102252,0.578873
1512,4102252,0.578873
1513,4102252,0.578873
1514,4102252,0.578873
1515,4102252,0.578873
1516,4102252,0.578873
1517,4102252,0.578873
1518,4102252,0.578873
1519,4102252,0.578873
1520,4102252,0.578873
1521,4102252,0.578873
1522,4102252,0.578873
1523,4102252,0.578873
1524,4102252,0.578873
1525,4102252,0.578873
1526,4102252,0.578873
1527,4102252,0.578873
1528,4102252,0.578873
1529,4102252,0.578873
1530,4102252,0.578873
1531,4102252,0.578873
1532,4102252,0.578873
1533,4102252,0.578873
1534,4102252,0.578873
1535,4102252,0.578873
1536,4102252,0.578873
1537,4102252,0.578873
1538,4102252,0.578873
1539,4102252,0.578873
1540,4102252,0.578873
1541,4102252,0.578873
1542,4102252,0.578873
1543,4102252,0.578873
1544,4102252,0.578873
1545,4102252,0.578873
1546,4102252,0.578873
1547,4102252,0.578873
1548,4102252,0.578873
1549,4102252,0.578873
1550,4102252,0.578873
1551,4102252,0.578873
1552,4102252,0.578873
1553,4102252,0.578873
1554,4102252,0.578873
1555,4102252,0.578873
1556,4102252,0.578873
1557,4102252,0.578873
1558,4102252,0.578873
1559,4102252,0.578873
1560,4102252,0.578873
1561,4102252,0.578873
1562,4102252,0.578873
1563,4102252,0.578873
1564,4102252,0.578873
1565,4102252,0.578873
1566,4102252,0.578873
1567,4102252,0.578873
1568,4102252,0.578873
1569,4102252,0.578873
1570,4102252,0.578873
1571,4102252,0.578873
1572,4102252,0.578873
1573,4102252,0.578873
1574,4102252,0.578873
1575,4102252,0.578873
1576,4102252,0.578873
1577,4102252,0.578873
1578,4102252,0.578873
1579,4102252,0.578873
1580,4102252,0.578873
1581,4102252,0.578873
1582,4102252,0.578873
1583,4102252,0.578873
1584,4102252,0.578873
1585,4102252,0.578873
1586,4102252,0.578873
1587,4102252,0.578873
1588,4102252,0.578873
1589,4102252,0.578873
1590,4102252,0.578873
1591,4102252,0.578873
1592,4102252,0.578873
1593,4102252,0.578873
1594,4102252,0.578873
1595,4102252,0.578873
1596,4102252,0.578873
1597,4102252,0.578873
1598,4102252,0.578873
1599,4102252,0.578873
1600,4102252,0.578873
1601,4102252,0.578873
1602,4102252,0.578873
1603,4102252,0.578873
1604,4102252,0.578873
1605,4102252,0.578873
1606,4102252,0.578873
1607,4102252,0.578873
1608,4102252,0.578873
1609,4102252,0.578873
1610,4102252,0.578873
1611,4102252,0.578873
1612,4102252,0.578873
1613,4102252,0.578873
1614,4102252,0.578873
1615,4102252,0.578873
1616,4102252,0.578873
1617,4102252,0.578873
1618,4102252,0.578873
1619,4102252,0.578873
1620,4102252,0.578873
1621,4102252,0.578873
1622,4102252,0.578873
1623,4102252,0.578873
1624,4102252,0.578873
1625,4102252,0.578873
1626,4102252,0.578873
1627,4102252,0.578873
1628,4102252,0.578873
1629,4102252,0.578873
1630,4102252,0.578873
1631,4102252,0.578873
1632,4102252,0.578873
1633,4102252,0.578873
1634,4102252,0.578873
1635,4102252,0.578873
1636,4102252,0.578873
1637,4102252,0.578873
1638,4102252,0.578873
1639,4102252,0.578873
1640,4102252,0.578873
1641,4102252,0.578873
1642,4102252,0.578873
1643,4102252,0.578873
1644,4102252,0.578873
1645,4102252,0.578873
1646,4102252,0.578873
1647,4102252,0.578873
1648,4102252,0.578873
1649,4102252,0.578873
1650,4102252,0.578873
1651,4102252,0.578873
1652,4102252,0.578873
1653,4102252,0.578873
1654,4102252,0.578873
1655,4102252,0.578873
1656,4102252,0.578873
1657,4102252,0.578873
1658,4102252,0.578873
1659,4102252,0.578873
1660,4102252,0.578873
1661,4102252,0.578873
1662,4102252,0.578873
1663,4102252,0.578873
1664,4102252,0.578873
1665,4102252,0.578873
1666,4102252,0.578873
1667,4102252,0.578873
1668,4102252,0.578873
1669,4102252,0.578873
1670,4102252,0.578873
1671,4102252,0.578873
1672,4102252,0.578873
1673,4102252,0.578873
1674,4102252,0.578873
1675,4102252,0.578873
1676,4102252,0.578873
1677,4102252,0.578873
1678,4102252,0.578873
1679,4102252,0.578873
1680,4102252,0.578873
1681,4102252,0.578873
1682,4102252,0.578873
1683,4102252,0.578873
1684,4102252,0.578873
1685,4102252,0.578873
1686,4102252,0.578873
1687,4102252,0.578873
1688,4102252,0.578873
1689,4102252,0.578873
1690,4102252,0.578873
1691,4102252,0.578873
1692,4102252,0.578873
1693,4102252,0.578873
1694,4102252,0.578873
1695,4102252,0.578873
1696,4102252,0.578873
1697,4102252,0.578873
1698,4102252,0.578873
1699,4102252,0.578873
1700,4102252,0.578873
1701,4102252,0.578873
1702,4102252,0.578873
1703,4102252,0.578873
1704,4102252,0.578873
1705,4102252,0.578873
1706,4102252,0.578873
1707,4102252,0.578873
1708,4102252,0.578873
1709,4102252,0.578873
1710,4102252,0.578873
1711,4102252,0.578873
1712,4102252,0.578873
1713,4102252,0.578873
1714,4102252,0.578873
1715,4102252,0.578873
1716,4102252,0.578873
1717,4102252,0.578873
1718,4102252,0.578873
1719,4102252,0.578873
1720,4102252,0.578873
1721,4102252,0.578873
1722,4102252,0.578873
1723,4102252,0.578873
1724,4102252,0.578873
1725,4102252,0.578873
1726,4102252,0.578873
1727,4102252,0.578873
1728,4102252,0.578873
1729,4102252,0.578873
1730,4102252,0.578873
1731,4102252,0.578873
1732,4102252,0.578873
1733,4102252,0.578873
1734,4102252,0.578873
1735,4102252,0.578873
1736,4102252,0.578873
1737,4102252,0.578873
1738,4102252,0.578873
1739,4102252,0.578873
1740,4102252,0.578873
1741,4102252,0.578873
1742,4102252,0.578873
1743,4102252,0.578873
1744,4102252,0.578873
1745,4102252,0.578873
1746,4102252,0.578873
1747,4102252,0.578873
1748,4102252,0.578873
1749,4102252,0.578873
1750,4102252,0.578873
1751,4102252,0.578873
1752,4102252,0.578873
1753,4102252,0.578873
1754,4102252,0.578873
1755,4102252,0.578873
1756,4102252,0.578873
1757,4102252,0.578873
1758,4102252,0.578873
1759,4102252,0.578873
1760,4102252,0.578873
1761,4102252,0.578873
1762,4102252,0.578873
1763,4102252,0.578873
1764,4102252,0.578873
1765,4102252,0.578873
1766,4102252,0.578873
1767,4102252,0.578873
1768,4102252,0.578873
1769,4102252,0.578873
1770,4102252,0.578873
1771,4102252,0.578873
1772,4102252,0.578873
1773,4102252,0.578873
1774,4102252,0.578873
1775,4102252,0.578873
1776,4102252,0.578873
1777,4102252,0.578873
1778,4102252,0.578873
1779,4102252,0.578873
1780,4102252,0.578873
1781,4102252,0.578873
1782,4102252,0.578873
1783,4102252,0.578873
1784,4102252,0.578873
1785,4102252,0.578873
1786,4102252,0.578873
1787,4102252,0.578873
1788,4102252,0.578873
1789,4102252,0.578873
1790,4102252,0.578873
1791,4102252,0.578873
1792,4102252,0.578873
1793,4102252,0.578873
1794,4102252,0.578873
1795,4102252,0.578873
1796,4102252,0.578873
1797,4102252,0.578873
1798,4102252,0.578873
1799,4102252,0.578873
1800,4102252,0.578873
1801,4102252,0.578873
1802,4102252,0.578873
1803,4102252,0.578873
1804,4102252,0.578873
1805,4102252,0.578873
1806,4102252,0.578873
1807,4102252,0.578873
1808,4102252,0.578873
1809,4102252,0.578873
1810,4102252,0.578873
1811,4102252,0.578873
1812,4102252,0.578873
1813,4102252,0.578873
1814,4102252,0.578873
1815,4102252,0.578873
1816,4102252,0.578873
1817,4102252,0.578873
1818,4102252,0.578873
1819,4102252,0.578873
1820,4102252,0.578873
1821,4102252,0.578873
1822,4102252,0.578873
1823,4102252,0.578873
1824,4102252,0.578873
1825,4102252,0.578873
1826,4102252,0.578873
1827,4102252,0.578873
1828,4102252,0.578873
1829,4102252,0.578873
1830,4102252,0.578873
1831,4102252,0.578873
1832,4102252,0.578873
1833,4102252,0.578873
1834,4102252,0.578873
1835,4102252,0.578873
1836,4102252,0.578873
1837,4102252,0.578873
1838,4102252,0.578873
1839,4102252,0.578873
1840,4102252,0.578873
1841,4102252,0.578873
1842,4102252,0.578873
1843,4102252,0.578873
1844,4102252,0.578873
1845,4102252,0.578873
1846,4102252,0.578873
1847,4102252,0.578873
1848,4102252,0.578873
1849,4102252,0.578873
1850,4102252,0.578873
1851,4102252,0.578873
1852,4102252,0.578873
1853,4102252,0.578873
1854,4102252,0.578873
1855,4102252,0.578873
1856,4102252,0.578873
1857,4102252,0.578873
1858,4102252,0.578873
1859,4102252,0.578873
1860,4102252,0.578873
1861,4102252,0.578873
1862,4102252,0.578873
1863,4102252,0.578873
1864,4102252,0.578873
1865,4102252,0.578873
1866,4102252,0.578873
1867,4102252,0.578873
1868,4102252,0.578873
1869,4102252,0.578873
1870,4102252,0.578873
1871,4102252,0.578873
1872,4102252,0.578873
1873,4102252,0.578873
1874,4102252,0.578873
1875,4102252,0.578873
1876,4102252,0.578873
1877,4102252,0.578873
1878,4102252,0.578873
1879,4102252,0.578873
1880,4102252,0.578873
1881,4102252,0.578873
1882,4102252,0.578873
1883,4102252,0.578873
1884,4102252,0.578873
1885,4102252,0.578873
1886,4102252,0.578873
1887,4102252,0.578873
1888,4102252,0.578873
1889,4102252,0.578873
1890,4102252,0.578873
1891,4102252,0.578873
1892,4102252,0.578873
1893,4102252,0.578873
1894,4102252,0.578873
1895,4102252,0.578873
1896,4102252,0.578873
1897,4102252,0.578873
1898,4102252,0.578873
1899,4102252,0.578873
1900,4102252,0.578873
1901,4102252,0.578873
1902,4102252,0.578873
1903,4102252,0.578873
1904,4102252,0.578873
1905,4102252,0.578873
1906,4102252,0.578873
1907,4102252,0.578873
1908,4102252,0.578873
1909,4102252,0.578873
1910,4102252,0.578873
1911,4102252,0.578873
1912,4102252,0.578873
1913,4102252,0.578873
1914,4102252,0.578873
1915,4102252,0.578873
1916,4102252,0.578873
1917,4102252,0.578873
1918,4102252,0.578873
1919,4102252,0.578873
1920,4102252,0.578873
1921,4102252,0.578873
1922,4102252,0.578873
1923,4102252,0.578873
1924,4102252,0.578873
1925,4102252,0.578873
1926,4102252,0.578873
1927,4102252,0.578873
1928,4102252,0.578873
1929,4102252,0.578873
1930,4102252,0.578873
1931,4102252,0.578873
1932,4102252,0.578873
1933,4102252,0.578873
1934,4102252,0.578873
1935,4102252,0.578873
1936,4102252,0.578873
1937,4102252,0.578873
1938,4102252,0.578873
1939,4102252,0.578873
1940,4102252,0.578873
1941,4102252,0.578873
1942,4102252,0.578873
1943,4102252,0.578873
1944,4102252,0.578873
1945,4102252,0.578873
1946,4102252,0.578873
1947,4102252,0.578873
1948,4102252,0.578873
1949,4102252,0.578873
1950,4102252,0.578873
1951,4102252,0.578873
1952,4102252,0.578873
1953,4102252,0.578873
1954,4102252,0.578873
1955,4102252,0.578873
1956,4102252,0.578873
1957,4102252,0.578873
1958,4102252,0.578873
1959,4102252,0.578873
1960,4102252,0.578873
1961,4102252,0.578873
1962,4102252,0.578873
1963,4102252,0.578873
1964,4102252,0.578873
1965,4102252,0.578873
1966,4102252,0.578873
1967,4102252,0.578873
1968,4102252,0.578873
1969,4102252,0.578873
1970,4102252,0.578873
1971,4102252,0.578873
1972,4102252,0.578873
1973,4102252,0.578873
1974,4102252,0.578873
1975,4102252,0.578873
1976,4102252,0.578873
1977,4102252,0.578873
1978,4102252,0.578873
1979,4102252,0.578873
1980,4102252,0.578873
1981,4102252,0.578873
1982,4102252,0.578873
1983,4102252,0.578873
1984,4102252,0.578873
1985,4102252,0.578873
1986,4102252,0.578873
1987,4102252,0.578873
1988,4102252,0.578873
1989,4102252,0.578873
1990,4102252,0.578873
1991,4102252,0.578873
1992,4102252,0.578873
1993,4102252,0.578873
1994,4102252,0.578873
1995,4102252,0.578873
1996,4102252,0.578873
1997,4102252,0.578873
1998,4102252,0.578873
1999,4102252,0.578873
2000,4102252,0.578873
2001,4102252,0.578873
2002,4102252,0.578873
2003,4102252,0.578873
2004,4102252,0.578873
2005,4102252,0.578873
2006,4102252,0.578873
2007,4102252,0.578873
2008,4102252,0.578873
2009,4102252,0.578873
2010,4102252,0.578873
2011,4102252,0.578873
2012,4102252,0.578873
2013,4102252,0.578873
2014,4102252,0.578873
2015,4102252,0.578873
2016,4102252,0.578873
2017,4102252,0.578873
2018,4102252,0.578873
2019,4102252,0.578873
2020,4102252,0.578873
2021,4102252,0.578873
2022,4102252,0.578873
2023,4102252,0.578873
2024,4102252,0.578873
2025,4102252,0.578873
2026,4102252,0.578873
2027,4102252,0.578873
2028,4102252,0.578873
2029,4102252,0.578873
2030,4102252,0.578873
2031,4102252,0.578873
2032,4102252,0.578873
2033,4102252,0.578873
2034,4102252,0.578873
2035,4102252,0.578873
2036,4102252,0.578873
2037,4102252,0.578873
2038,4102252,0.578873
2039,4102252,0.578873
2040,4102252,0.578873
2041,4102252,0.578873
2042,4102252,0.578873
2043,4102252,0.578873
2044,4102252,0.578873
2045,4102252,0.578873
2046,4102252,0.578873
2047,4102252,0.578873
2048,4102252,0.578873
2049,4102252,0.578873
2050,4102252,0.578873
2051,4102252,0.578873
2052,4102252,0.578873
2053,4102252,0.578873
2054,4102252,0.578873
2055,4102252,0.578873
2056,4102252,0.578873
2057,4102252,0.578873
2058,4102252,0.578873
2059,4102252,0.578873
2060,4102252,0.578873
2061,4102252,0.578873
2062,4102252,0.578873
2063,4102252,0.578873
2064,4102252,0.578873
2065,4102252,0.578873
2066,4102252,0.578873
2067,4102252,0.578873
2068,4102252,0.578873
2069,4102252,0.578873
2070,4102252,0.578873
2071,4102252,0.578873
2072,4102252,0.578873
2073,4102252,0.578873
2074,4102252,0.578873
2075,4102252,0.578873
2076,4102252,0.578873
2077,4102252,0.578873
2078,4102252,0.578873
2079,4102252,0.578873
2080,4102252,0.578873
2081,4102252,0.578873
2082,4102252,0.578873
2083,4102252,0.578873
2084,4102252,0.578873
2085,4102252,0.578873
2086,4102252,0.578873
2087,4102252,0.578873
2088,4102252,0.578873
2089,4102252,0.578873
2090,4102252,0.578873
2091,4102252,0.578873
2092,4102252,0.578873
2093,4102252,0.578873
2094,4102252,0.578873
2095,4102252,0.578873
2096,4102252,0.578873
2097,4102252,0.578873
2098,4102252,0.578873
2099,4102252,0.578873
2100,4102252,0.578873
2101,4102252,0.578873
2102,4102252,0.578873
2103,4102252,0.578873
2104,4102252,0.578873
2105,4102252,0.578873
2106,4102252,0.578873
2107,4102252,0.578873
2108,4102252,0.578873
2109,4102252,0.578873
2110,4102252,0.578873
2111,4102252,0.578873
2112,4102252,0.578873
2113,4102252,0.578873
2114,4102252,0.578873
2115,4102252,0.578873
2116,4102252,0.578873
2117,4102252,0.578873
2118,4102252,0.578873
2119,4102252,0.578873
2120,4102252,0.578873
2121,4102252,0.578873
2122,4102252,0.578873
2123,4102252,0.578873
2124,4102252,0.578873
2125,4102252,0.578873
2126,4102252,0.578873
2127,4102252,0.578873
2128,4102252,0.578873
2129,4102252,0.578873
2130,4102252,0.578873
2131,4102252,0.578873
2132,4102252,0.578873
2133,4102252,0.578873
2134,4102252,0.578873
2135,4102252,0.578873
2136,4102252,0.578873
2137,4102252,0.578873
2138,4102252,0.578873
2139,4102252,0.578873
2140,4102252,0.578873
2141,4102252,0.578873
2142,4102252,0.578873
2143,4102252,0.578873
2144,4102252,0.578873
2145,4102252,0.578873
2146,4102252,0.578873
2147,4102252,0.578873
2148,4102252,0.578873
2149,4102252,0.578873
2150,4102252,0.578873
2151,4102252,0.578873
2152,4102252,0.578873
2153,4102252,0.578873
2154,4102252,0.578873
2155,4102252,0.578873
2156,4102252,0.578873
2157,4102252,0.578873
2158,4102252,0.578873
2159,4102252,0.578873
2160,4102252,0.578873
2161,4102252,0.578873
2162,4102252,0.578873
2163,4102252,0.578873
2164,4102252,0.578873
2165,4102252,0.578873
2166,4102252,0.578873
2167,4102252,0.578873
2168,4102252,0.578873
2169,4102252,0.578873
2170,4102252,0.578873
2171,4102252,0.578873
2172,4102252,0.578873
2173,4102252,0.578873
2174,4102252,0.578873
2175,4102252,0.578873
2176,4102252,0.578873
2177,4102252,0.578873
2178,4102252,0.578873
2179,4102252,0.578873
2180,4102252,0.578873
2181,4102252,0.578873
2182,4102252,0.578873
2183,4102252,0.578873
2184,4102252,0.578873
2185,4102252,0.578873
2186,4102252,0.578873
2187,4102252,0.578873
2188,4102252,0.578873
2189,4102252,0.578873
2190,4102252,0.578873
2191,4102252,0.578873
2192,4102252,0.578873
2193,4102252,0.578873
2194,4102252,0.578873
2195,4102252,0.578873
2196,4102252,0.578873
2197,4102252,0.578873
2198,4102252,0.578873
2199,4102252,0.578873
2200,4102252,0.578873
2201,4102252,0.578873
2202,4102252,0.578873
2203,4102252,0.578873
2204,4102252,0.578873
2205,4102252,0.578873
2206,4102252,0.578873
2207,4102252,0.578873
2208,4102252,0.578873
2209,4102252,0.578873
2210,4102252,0.578873
2211,4102252,0.578873
2212,4102252,0.578873
2213,4102252,0.578873
2214,4102252,0.578873
2215,4102252,0.578873
2216,4102252,0.578873
2217,4102252,0.578873
2218,4102252,0.578873
2219,4102252,0.578873
2220,4102252,0.578873
2221,4102252,0.578873
2222,4102252,0.578873
2223,4102252,0.578873
2224,4102252,0.578873
2225,4102252,0.578873
2226,4102252,0.578873
2227,4102252,0.578873
2228,4102252,0.578873
2229,4102252,0.578873
2230,4102252,0.578873
2231,4102252,0.578873
2232,4102252,0.578873
2233,4102252,0.578873
2234,4102252,0.578873
2235,4102252,0.578873
2236,4102252,0.578873
2237,4102252,0.578873
2238,4102252,0.578873
2239,4102252,0.578873
2240,4102252,0.578873
2241,4102252,0.578873
2242,4102252,0.578873
2243,4102252,0.578873
2244,4102252,0.578873
2245,4102252,0.578873
2246,4102252,0.578873
2247,4102252,0.578873
2248,4102252,0.578873
2249,4102252,0.578873
2250,4102252,0.578873
2251,4102252,0.578873
2252,4102252,0.578873
2253,4102252,0.578873
2254,4102252,0.578873
2255,4102252,0.578873
2256,4102252,0.578873
2257,4102252,0.578873
2258,4102252,0.578873
2259,4102252,0.578873
2260,4102252,0.578873
2261,4102252,0.578873
2262,4102252,0.578873
2263,4102252,0.578873
2264,4102252,0.578873
2265,4102252,0.578873
2266,4102252,0.578873
2267,4102252,0.578873
2268,4102252,0.578873
2269,4102252,0.578873
2270,4102252,0.578873
2271,4102252,0.578873
2272,4102252,0.578873
2273,4102252,0.578873
2274,4102252,0.578873
2275,4102252,0.578873
2276,4102252,0.578873
2277,4102252,0.578873
2278,4102252,0.578873
2279,4102252,0.578873
2280,4102252,0.578873
2281,4102252,0.578873
2282,4102252,0.578873
2283,4102252,0.578873
2284,4102252,0.578873
2285,4102252,0.578873
2286,4102252,0.578873
2287,4102252,0.578873
2288,4102252,0.578873
2289,4102252,0.578873
2290,4102252,0.578873
2291,4102252,0.578873
2292,4102252,0.578873
2293,4102252,0.578873
2294,4102252,0.578873
2295,4102252,0.578873
2296,4102252,0.578873
2297,4102252,0.578873
2298,4102252,0.578873
2299,4102252,0.578873
2300,4102252,0.578873
2301,4102252,0.578873
2302,4102252,0.578873
2303,4102252,0.578873
2304,4102252,0.578873
2305,4102252,0.578873
2306,4102252,0.578873
2307,4102252,0.578873
2308,4102252,0.578873
2309,4102252,0.578873
2310,4102252,0.578873
2311,4102252,0.578873
2312,4102252,0.578873
2313,4102252,0.578873
2314,4102252,0.578873
2315,4102252,0.578873
2316,4102252,0.578873
2317,4102252,0.578873
2318,4102252,0.578873
2319,4102252,0.578873
2320,4102252,0.578873
2321,4102252,0.578873
2322,4102252,0.578873
2323,4102252,0.578873
2324,4102252,0.578873
2325,4102252,0.578873
2326,4102252,0.578873
2327,4102252,0.578873
2328,4102252,0.578873
2329,4102252,0.578873
2330,4102252,0.578873
2331,4102252,0.578873
2332,4102252,0.578873
2333,4102252,0.578873
2334,4102252,0.578873
2335,4102252,0.578873
2336,4102252,0.578873
2337,4102252,0.578873
2338,4102252,0.578873
2339,4102252,0.578873
2340,4102252,0.578873
2341,4102252,0.578873
2342,4102252,0.578873
2343,4102252,0.578873
2344,4102252,0.578873
2345,4102252,0.578873
2346,4102252,0.578873
2347,4102252,0.578873
2348,4102252,0.578873
2349,4102252,0.578873
2350,4102252,0.578873
2351,4102252,0.578873
2352,4102252,0.578873
2353,4102252,0.578873
2354,4102252,0.578873
2355,4102252,0.578873
2356,4102252,0.578873
2357,4102252,0.578873
2358,4102252,0.578873
2359,4102252,0.578873
2360,4102252,0.578873
2361,4102252,0.578873
2362,4102252,0.578873
2363,4102252,0.578873
2364,4102252,0.578873
2365,4102252,0.578873
2366,4102252,0.578873
2367,4102252,0.578873
2368,4102252,0.578873
2369,4102252,0.578873
2370,4102252,0.578873
2371,4102252,0.578873
2372,4102252,0.578873
2373,4102252,0.578873
2374,4102252,0.578873
2375,4102252,0.578873
2376,4102252,0.578873
2377,4102252,0.578873
2378,4102252,0.578873
2379,4102252,0.578873
2380,4102252,0.578873
2381,4102252,0.578873
2382,4102252,0.578873
2383,4102252,0.578873
2384,4102252,0.578873
2385,4102252,0.578873
2386,4102252,0.578873
2387,4102252,0.578873
2388,4102252,0.578873
2389,4102252,0.578873
2390,4102252,0.578873
2391,4102252,0.578873
2392,4102252,0.578873
2393,4102252,0.578873
2394,4102252,0.578873
2395,4102252,0.578873
2396,4102252,0.578873
2397,4102252,0.578873
2398,4102252,0.578873
2399,4102252,0.578873
2400,4102252,0.578873
2401,4102252,0.578873
2402,4102252,0.578873
2403,4102252,0.578873
2404,4102252,0.578873
2405,4102252,0.578873
2406,4102252,0.578873
2407,4102252,0.578873
2408,4102252,0.578873
2409,4102252,0.578873
2410,4102252,0.578873
2411,4102252,0.578873
2412,4102252,0.578873
2413,4102252,0.578873
2414,4102252,0.578873
2415,4102252,0.578873
2416,4102252,0.578873
2417,4102252,0.578873
2418,4102252,0.578873
2419,4102252,0.578873
2420,4102252,0.578873
2421,4102252,0.578873
2422,4102252,0.578873
2423,4102252,0.578873
2424,4102252,0.578873
2425,4102252,0.578873
2426,4102252,0.578873
2427,4102252,0.578873
2428,4102252,0.578873
2429,4102252,0.578873
2430,4102252,0.578873
2431,4102252,0.578873
2432,4102252,0.578873
2433,4102252,0.578873
2434,4102252,0.578873
2435,4102252,0.578873
2436,4102252,0.578873
2437,4102252,0.578873
2438,4102252,0.578873
2439,4102252,0.578873
2440,4102252,0.578873
2441,4102252,0.578873
2442,4102252,0.578873
2443,4102252,0.578873
2444,4102252,0.578873
2445,4102252,0.578873
2446,4102252,0.578873
2447,4102252,0.578873
2448,4102252,0.578873
2449,4102252,0.578873
2450,4102252,0.578873
2451,4102252,0.578873
2452,4102252,0.578873
2453,4102252,0.578873
2454,4102252,0.578873
2455,4102252,0.578873
2456,4102252,0.578873
2457,4102252,0.578873
2458,4102252,0.578873
2459,4102252,0.578873
2460,4102252,0.578873
2461,4102252,0.578873
2462,4102252,0.578873
2463,4102252,0.578873
2464,4102252,0.578873
2465,4102252,0.578873
2466,4102252,0.578873
2467,4102252,0.578873
2468,4102252,0.578873
2469,4102252,0.578873
2470,4102252,0.578873
2471,4102252,0.578873
2472,4102252,0.578873
2473,4102252,0.578873
2474,4102252,0.578873
2475,4102252,0.578873
2476,4102252,0.578873
2477,4102252,0.578873
2478,4102252,0.578873
2479,4102252,0.578873
2480,4102252,0.578873
2481,4102252,0.578873
2482,4102252,0.578873
2483,4102252,0.578873
2484,4102252,0.578873
2485,4102252,0.578873
2486,4102252,0.578873
2487,4102252,0.578873
2488,4102252,0.578873
2489,4102252,0.578873
2490,4102252,0.578873
2491,4102252,0.578873
2492,4102252,0.578873
2493,4102252,0.578873
2494,4102252,0.578873
2495,4102252,0.578873
2496,4102252,0.578873
2497,4102252,0.578873
2498,4102252,0.578873
2499,4102252,0.578873
2500,4102252,0.578873
2501,4102252,0.578873
2502,4102252,0.578873
2503,4102252,0.578873
2504,4102252,0.578873
2505,4102252,0.578873
2506,4102252,0.578873
2507,4102252,0.578873
2508,4102252,0.578873
2509,4102252,0.578873
2510,4102252,0.578873
2511,4102252,0.578873
2512,4102252,0.578873
2513,4102252,0.578873
2514,4102252,0.578873
2515,4102252,0.578873
2516,4102252,0.578873
2517,4102252,0.578873
2518,4102252,0.578873
2519,4102252,0.578873
2520,4102252,0.578873
2521,4102252,0.578873
2522,4102252,0.578873
2523,4102252,0.578873
2524,4102252,0.578873
2525,4102252,0.578873
2526,4102252,0.578873
2527,4102252,0.578873
2528,4102252,0.578873
2529,4102252,0.578873
2530,4102252,0.578873
2531,4102252,0.578873
2532,4102252,0.578873
2533,4102252,0.578873
2534,4102252,0.578873
2535,4102252,0.578873
2536,4102252,0.578873
2537,4102252,0.578873
2538,4102252,0.578873
2539,4102252,0.578873
2540,4102252,0.578873
2541,4102252,0.578873
2542,4102252,0.578873
2543,4102252,0.578873
2544,4102252,0.578873
2545,4102252,0.578873
2546,4102252,0.578873
2547,4102252,0.578873
2548,4102252,0.578873
2549,4102252,0.578873
2550,4102252,0.578873
2551,4102252,0.578873
2552,4102252,0.578873
2553,4102252,0.578873
2554,4102252,0.578873
2555,4102252,0.578873
2556,4102252,0.578873
2557,4102252,0.578873
2558,4102252,0.578873
2559,4102252,0.578873
2560,4102252,0.578873
2561,4102252,0.578873
2562,4102252,0.578873
2563,4102252,0.578873
2564,4102252,0.578873
2565,4102252,0.578873
2566,4102252,0.578873
2567,4102252,0.578873
2568,4102252,0.578873
2569,4102252,0.578873
2570,4102252,0.578873
2571,4102252,0.578873
2572,4102252,0.578873
2573,4102252,0.578873
2574,4102252,0.578873
2575,4102252,0.578873
2576,4102252,0.578873
2577,4102252,0.578873
2578,4102252,0.578873
2579,4102252,0.578873
2580,4102252,0.578873
2581,4102252,0.578873
2582,4102252,0.578873
2583,4102252,0.578873
2584,4102252,0.578873
2585,4102252,0.578873
2586,4102252,0.578873
2587,4102252,0.578873
2588,4102252,0.578873
2589,4102252,0.578873
2590,4102252,0.578873
2591,4102252,0.578873
2592,4102252,0.578873
2593,4102252,0.578873
2594,4102252,0.578873
2595,4102252,0.578873
2596,4102252,0.578873
2597,4102252,0.578873
2598,4102252,0.578873
2599,4102252,0.578873
2600,4102252,0.578873
2601,4102252,0.578873
2602,4102252,0.578873
2603,4102252,0.578873
2604,4102252,0.578873
2605,4102252,0.578873
2606,4102252,0.578873
2607,4102252,0.578873
2608,4102252,0.578873
2609,4102252,0.578873
2610,4102252,0.578873
2611,4102252,0.578873
2612,4102252,0.578873
2613,4102252,0.578873
2614,4102252,0.578873
2615,4102252,0.578873
2616,4102252,0.578873
2617,4102252,0.578873
2618,4102252,0.578873
2619,4102252,0.578873
2620,4102252,0.578873
2621,4102252,0.578873
2622,4102252,0.578873
2623,4102252,0.578873
2624,4102252,0.578873
2625,4102252,0.578873
2626,4102252,0.578873
2627,4102252,0.578873
2628,4102252,0.578873
2629,4102252,0.578873
2630,4102252,0.578873
2631,4102252,0.578873
2632,4102252,0.578873
2633,4102252,0.578873
2634,4102252,0.578873
2635,4102252,0.578873
2636,4102252,0.578873
2637,4102252,0.578873
2638,4102252,0.578873
2639,4102252,0.578873
2640,4102252,0.578873
2641,4102252,0.578873
2642,4102252,0.578873
2643,4102252,0.578873
2644,4102252,0.578873
2645,4102252,0.578873
2646,4102252,0.578873
2647,4102252,0.578873
2648,4102252,0.578873
2649,4102252,0.578873
2650,4102252,0.578873
2651,4102252,0.578873
2652,4102252,0.578873
2653,4102252,0.578873
2654,4102252,0.578873
2655,4102252,0.578873
2656,4102252,0.578873
2657,4102252,0.578873
2658,4102252,0.578873
2659,4102252,0.578873
2660,4102252,0.578873
2661,4102252,0.578873
2662,4102252,0.578873
2663,4102252,0.578873
2664,4102252,0.578873
2665,4102252,0.578873
2666,4102252,0.578873
2667,4102252,0.578873
2668,4102252,0.578873
2669,4102252,0.578873
2670,4102252,0.578873
2671,4102252,0.578873
2672,4102252,0.578873
2673,4102252,0.578873
2674,4102252,0.578873
2675,4102252,0.578873
2676,4102252,0.578873
2677,4102252,0.578873
2678,4102252,0.578873
2679,4102252,0.578873
2680,4102252,0.578873
2681,4102252,0.578873
2682,4102252,0.578873
2683,4102252,0.578873
2684,4102252,0.578873
2685,4102252,0.578873
2686,4102252,0.578873
2687,4102252,0.578873
2688,4102252,0.578873
2689,4102252,0.578873
2690,4102252,0.578873
2691,4102252,0.578873
2692,4102252,0.578873
2693,4102252,0.578873
2694,4102252,0.578873
2695,4102252,0.578873
2696,4102252,0.578873
2697,4102252,0.578873
2698,4102252,0.578873
2699,4102252,0.578873
2700,4102252,0.578873
2701,4102252,0.578873
2702,4102252,0.578873
2703,4102252,0.578873
2704,4102252,0.578873
2705,4102252,0.578873
2706,4102252,0.578873
2707,4102252,0.578873
2708,4102252,0.578873
2709,4102252,0.578873
2710,4102252,0.578873
2711,4102252,0.578873
2712,4102252,0.578873
2713,4102252,0.578873
2714,4102252,0.578873
2715,4102252,0.578873
2716,4102252,0.578873
2717,4102252,0.578873
2718,4102252,0.578873
2719,4102252,0.578873
2720,4102252,0.578873
2721,4102252,0.578873
2722,4102252,0.578873
2723,4102252,0.578873
2724,4102252,0.578873
2725,4102252,0.578873
2726,4102252,0.578873
2727,4102252,0.578873
2728,4102252,0.578873
2729,4102252,0.578873
2730,4102252,0.578873
2731,4102252,0.578873
2732,4102252,0.578873
2733,4102252,0.578873
2734,4102252,0.578873
2735,4102252,0.578873
2736,4102252,0.578873
2737,4102252,0.578873
2738,4102252,0.578873
2739,4102252,0.578873
2740,4102252,0.578873
2741,4102252,0.578873
2742,4102252,0.578873
2743,4102252,0.578873
2744,4102252,0.578873
2745,4102252,0.578873
2746,4102252,0.578873
2747,4102252,0.578873
2748,4102252,0.578873
2749,4102252,0.578873
2750,4102252,0.578873
2751,4102252,0.578873
2752,4102252,0.578873
2753,4102252,0.578873
2754,4102252,0.578873
2755,4102252,0.578873
2756,4102252,0.578873
2757,4102252,0.578873
2758,4102252,0.578873
2759,4102252,0.578873
2760,4102252,0.578873
2761,4102252,0.578873
2762,4102252,0.578873
2763,4102252,0.578873
2764,4102252,0.578873
2765,4102252,0.578873
2766,4102252,0.578873
2767,4102252,0.578873
2768,4102252,0.578873
2769,4102252,0.578873
2770,4102252,0.578873
2771,4102252,0.578873
2772,4102252,0.578873
2773,4102252,0.578873
2774,4102252,0.578873
2775,4102252,0.578873
2776,4102252,0.578873
2777,4102252,0.578873
2778,4102252,0.578873
2779,4102252,0.578873
2780,4102252,0.578873
2781,4102252,0.578873
2782,4102252,0.578873
2783,4102252,0.578873
2784,4102252,0.578873
2785,4102252,0.578873
2786,4102252,0.578873
2787,4102252,0.578873
2788,4102252,0.578873
2789,4102252,0.578873
2790,4102252,0.578873
2791,4102252,0.578873
2792,4102252,0.578873
2793,4102252,0.578873
2794,4102252,0.578873
2795,4102252,0.578873
2796,4102252,0.578873
2797,4102252,0.578873
2798,4102252,0.578873
2799,4102252,0.578873
2800,4102252,0.578873
2801,4102252,0.578873
2802,4102252,0.578873
2803,4102252,0.578873
2804,4102252,0.578873
2805,4102252,0.578873
2806,4102252,0.578873
2807,4102252,0.578873
2808,4102252,0.578873
2809,4102252,0.578873
2810,4102252,0.578873
2811,4102252,0.578873
2812,4102252,0.578873
2813,4102252,0.578873
2814,4102252,0.578873
2815,4102252,0.578873
2816,4102252,0.578873
2817,4102252,0.578873
2818,4102252,0.578873
2819,4102252,0.578873
2820,4102252,0.578873
2821,4102252,0.578873
2822,4102252,0.578873
2823,4102252,0.578873
2824,4102252,0.578873
2825,4102252,0.578873
2826,4102252,0.578873
2827,4102252,0.578873
2828,4102252,0.578873
2829,4102252,0.578873
2830,4102252,0.578873
2831,4102252,0.578873
2832,4102252,0.578873
2833,4102252,0.578873
2834,4102252,0.578873
2835,4102252,0.578873
2836,4102252,0.578873
2837,4102252,0.578873
2838,4102252,0.578873
2839,4102252,0.578873
2840,4102252,0.578873
2841,4102252,0.578873
2842,4102252,0.578873
2843,4102252,0.578873
2844,4102252,0.578873
2845,4102252,0.578873
2846,4102252,0.578873
2847,4102252,0.578873
2848,4102252,0.578873
2849,4102252,0.578873
2850,4102252,0.578873
2851,4102252,0.578873
2852,4102252,0.578873
2853,4102252,0.578873
2854,4102252,0.578873
2855,4102252,0.578873
2856,4102252,0.578873
2857,4102252,0.578873
2858,4102252,0.578873
2859,4102252,0.578873
2860,4102252,0.578873
2861,4102252,0.578873
2862,4102252,0.578873
2863,4102252,0.578873
2864,4102252,0.578873
2865,4102252,0.578873
2866,4102252,0.578873
2867,4102252,0.578873
2868,4102252,0.578873
2869,4102252,0.578873
2870,4102252,0.578873
2871,4102252,0.578873
2872,4102252,0.578873
2873,4102252,0.578873
2874,4102252,0.578873
2875,4102252,0.578873
2876,4102252,0.578873
2877,4102252,0.578873
2878,4102252,0.578873
2879,4102252,0.578873
2880,4102252,0.578873
2881,4102252,0.578873
2882,4102252,0.578873
2883,4102252,0.578873
2884,4102252,0.578873
2885,4102252,0.578873
2886,4102252,0.578873
2887,4102252,0.578873
2888,4102252,0.578873
2889,4102252,0.578873
2890,4102252,0.578873
2891,4102252,0.578873
2892,4102252,0.578873
2893,4102252,0.578873
2894,4102252,0.578873
2895,4102252,0.578873
2896,4102252,0.578873
2897,4102252,0.578873
2898,4102252,0.578873
2899,4102252,0.578873
2900,4102252,0.578873
2901,4102252,0.578873
2902,4102252,0.578873
2903,4102252,0.578873
2904,4102252,0.578873
2905,4102252,0.578873
2906,4102252,0.578873
2907,4102252,0.578873
2908,4102252,0.578873
2909,4102252,0.578873
2910,4102252,0.578873
2911,4102252,0.578873
2912,4102252,0.578873
2913,4102252,0.578873
2914,4102252,0.578873
2915,4102252,0.578873
2916,4102252,0.578873
2917,4102252,0.578873
2918,4102252,0.578873
2919,4102252,0.578873
2920,4102252,0.578873
2921,4102252,0.578873
2922,4102252,0.578873
2923,4102252,0.578873
2924,4102252,0.578873
2925,4102252,0.578873
2926,4102252,0.578873
2927,4102252,0.578873
2928,4102252,0.578873
2929,4102252,0.578873
2930,4102252,0.578873
2931,4102252,0.578873
2932,4102252,0.578873
2933,4102252,0.578873
2934,4102252,0.578873
2935,4102252,0.578873
2936,4102252,0.578873
2937,4102252,0.578873
2938,4102252,0.578873
2939,4102252,0.578873
2940,4102252,0.578873
2941,4102252,0.578873
2942,4102252,0.578873
2943,4102252,0.578873
2944,4102252,0.578873
2945,4102252,0.578873
2946,4102252,0.578873
2947,4102252,0.578873
2948,4102252,0.578873
2949,4102252,0.578873
2950,4102252,0.578873
2951,4102252,0.578873
2952,4102252,0.578873
2953,4102252,0.578873
2954,4102252,0.578873
2955,4102252,0.578873
2956,4102252,0.578873
2957,4102252,0.578873
2958,4102252,0.578873
2959,4102252,0.578873
2960,4102252,0.578873
2961,4102252,0.578873
2962,4102252,0.578873
2963,4102252,0.578873
2964,4102252,0.578873
2965,4102252,0.578873
2966,4102252,0.578873
2967,4102252,0.578873
2968,4102252,0.578873
2969,4102252,0.578873
2970,4102252,0.578873
2971,4102252,0.578873
2972,4102252,0.578873
2973,4102252,0.578873
2974,4102252,0.578873
2975,4102252,0.578873
2976,4102252,0.578873
2977,4102252,0.578873
2978,4102252,0.578873
2979,4102252,0.578873
2980,4102252,0.578873
2981,4102252,0.578873
2982,4102252,0.578873
2983,4102252,0.578873
2984,4102252,0.578873
2985,4102252,0.578873
2986,4102252,0.578873
2987,4102252,0.578873
2988,4102252,0.578873
2989,4102252,0.578873
2990,4102252,0.578873
2991,4102252,0.578873
2992,4102252,0.578873
2993,4102252,0.578873
2994,4102252,0.578873
2995,4102252,0.578873
2996,4102252,0.578873
2997,4102252,0.578873
2998,4102252,0.578873
2999,4102252,0.578873
3000,4102252,0.578873
3001,4102252,0.578873
3002,4102252,0.578873
3003,4102252,0.578873
3004,4102252,0.578873
3005,4102252,0.578873
3006,4102252,0.578873
3007,4102252,0.578873
3008,4102252,0.578873
3009,4102252,0.578873
3010,4102252,0.578873
3011,4102252,0.578873
3012,4102252,0.578873
3013,4102252,0.578873
3014,4102252,0.578873
3015,4102252,0.578873
3016,4102252,0.578873
3017,4102252,0.578873
3018,4102252,0.578873
3019,4102252,0.578873
3020,4102252,0.578873
3021,4102252,0.578873
3022,4102252,0.578873
3023,4102252,0.578873
3024,4102252,0.578873
3025,4102252,0.578873
3026,4102252,0.578873
3027,4102252,0.578873
3028,4102252,0.578873
3029,4102252,0.578873
3030,4102252,0.578873
3031,4102252,0.578873
3032,4102252,0.578873
3033,4102252,0.578873
3034,4102252,0.578873
3035,4102252,0.578873
3036,4102252,0.578873
3037,4102252,0.578873
3038,4102252,0.578873
3039,4102252,0.578873
3040,4102252,0.578873
3041,4102252,0.578873
3042,4102252,0.578873
3043,4102252,0.578873
3044,4102252,0.578873
3045,4102252,0.578873
3046,4102252,0.578873
3047,4102252,0.578873
3048,4102252,0.578873
3049,4102252,0.578873
3050,4102252,0.578873
3051,4102252,0.578873
3052,4102252,0.578873
3053,4102252,0.578873
3054,4102252,0.578873
3055,4102252,0.578873
3056,4102252,0.578873
3057,4102252,0.578873
3058,4102252,0.578873
3059,4102252,0.578873
3060,4102252,0.578873
3061,4102252,0.578873
3062,4102252,0.578873
3063,4102252,0.578873
3064,4102252,0.578873
3065,4102252,0.578873
3066,4102252,0.578873
3067,4102252,0.578873
3068,4102252,0.578873
3069,4102252,0.578873
3070,4102252,0.578873
3071,4102252,0.578873
3072,4102252,0.578873
3073,4102252,0.578873
3074,4102252,0.578873
3075,4102252,0.578873
3076,4102252,0.578873
3077,4102252,0.578873
3078,4102252,0.578873
3079,4102252,0.578873
3080,4102252,0.578873
3081,4102252,0.578873
3082,4102252,0.578873
3083,4102252,0.578873
3084,4102252,0.578873
3085,4102252,0.578873
3086,4102252,0.578873
3087,4102252,0.578873
3088,4102252,0.578873
3089,4102252,0.578873
3090,4102252,0.578873
3091,4102252,0.578873
3092,4102252,0.578873
3093,4102252,0.578873
3094,4102252,0.578873
3095,4102252,0.578873
3096,4102252,0.578873
3097,4102252,0.578873
3098,4102252,0.578873
3099,4102252,0.578873
3100,4102252,0.578873
3101,4102252,0.578873
3102,4102252,0.578873
3103,4102252,0.578873
3104,4102252,0.578873
3105,4102252,0.578873
3106,4102252,0.578873
3107,4102252,0.578873
3108,4102252,0.578873
3109,4102252,0.578873
3110,4102252,0.578873
3111,4102252,0.578873
3112,4102252,0.578873
3113,4102252,0.578873
3114,4102252,0.578873
3115,4102252,0.578873
3116,4102252,0.578873
3117,4102252,0.578873
3118,4102252,0.578873
3119,4102252,0.578873
3120,4102252,0.578873
3121,4102252,0.578873
3122,4102252,0.578873
3123,4102252,0.578873
3124,4102252,0.578873
3125,4102252,0.578873
3126,4102252,0.578873
3127,4102252,0.578873
3128,4102252,0.578873
3129,4102252,0.578873
3130,4102252,0.578873
3131,4102252,0.578873
3132,4102252,0.578873
3133,4102252,0.578873
3134,4102252,0.578873
3135,4102252,0.578873
3136,4102252,0.578873
3137,4102252,0.578873
3138,4102252,0.578873
3139,4102252,0.578873
3140,4102252,0.578873
3141,4102252,0.578873
3142,4102252,0.578873
3143,4102252,0.578873
3144,4102252,0.578873
3145,4102252,0.578873
3146,4102252,0.578873
3147,4102252,0.578873
3148,4102252,0.578873
3149,4102252,0.578873
3150,4102252,0.578873
3151,4102252,0.578873
3152,4102252,0.578873
3153,4102252,0.578873
3154,4102252,0.578873
3155,4102252,0.578873
3156,4102252,0.578873
3157,4102252,0.578873
3158,4102252,0.578873
3159,4102252,0.578873
3160,4102252,0.578873
3161,4102252,0.578873
3162,4102252,0.578873
3163,4102252,0.578873
3164,4102252,0.578873
3165,4102252,0.578873
3166,4102252,0.578873
3167,4102252,0.578873
3168,4102252,0.578873
3169,4102252,0.578873
3170,4102252,0.578873
3171,4102252,0.578873
3172,4102252,0.578873
3173,4102252,0.578873
3174,4102252,0.578873
3175,4102252,0.578873
3176,4102252,0.578873
3177,4102252,0.578873
3178,4102252,0.578873
3179,4102252,0.578873
3180,4102252,0.578873
3181,4102252,0.578873
3182,4102252,0.578873
3183,4102252,0.578873
3184,4102252,0.578873
3185,4102252,0.578873
3186,4102252,0.578873
3187,4102252,0.578873
3188,4102252,0.578873
3189,4102252,0.578873
3190,4102252,0.578873
3191,4102252,0.578873
3192,4102252,0.578873
3193,4102252,0.578873
3194,4102252,0.578873
3195,4102252,0.578873
3196,4102252,0.578873
3197,4102252,0.578873
3198,4102252,0.578873
3199,4102252,0.578873
3200,4102252,0.578873
3201,4102252,0.578873
3202,4102252,0.578873
3203,4102252,0.578873
3204,4102252,0.578873
3205,4102252,0.578873
3206,4102252,0.578873
3207,4102252,0.578873
3208,4102252,0.578873
3209,4102252,0.578873
3210,4102252,0.578873
3211,4102252,0.578873
3212,4102252,0.578873
3213,4102252,0.578873
3214,4102252,0.578873
3215,4102252,0.578873
3216,4102252,0.578873
3217,4102252,0.578873
3218,4102252,0.578873
3219,4102252,0.578873
3220,4102252,0.578873
3221,4102252,0.578873
3222,4102252,0.578873
3223,4102252,0.578873
3224,4102252,0.578873
3225,4102252,0.578873
3226,4102252,0.578873
3227,4102252,0.578873
3228,4102252,0.578873
3229,4102252,0.578873
3230,4102252,0.578873
3231,4102252,0.578873
3232,4102252,0.578873
3233,4102252,0.578873
3234,4102252,0.578873
3235,4102252,0.578873
3236,4102252,0.578873
3237,4102252,0.578873
3238,4102252,0.578873
3239,4102252,0.578873
3240,4102252,0.578873
3241,4102252,0.578873
3242,4102252,0.578873
3243,4102252,0.578873
3244,4102252,0.578873
3245,4102252,0.578873
3246,4102252,0.578873
3247,4102252,0.578873
3248,4102252,0.578873
3249,4102252,0.578873
3250,4102252,0.578873
3251,4102252,0.578873
3252,4102252,0.578873
3253,4102252,0.578873
3254,4102252,0.578873
3255,4102252,0.578873
3256,4102252,0.578873
3257,4102252,0.578873
3258,4102252,0.578873
3259,4102252,0.578873
3260,4102252,0.578873
3261,4102252,0.578873
3262,4102252,0.578873
3263,4102252,0.578873
3264,4102252,0.578873
3265,4102252,0.578873
3266,4102252,0.578873
3267,4102252,0.578873
3268,4102252,0.578873
3269,4102252,0.578873
3270,4102252,0.578873
3271,4102252,0.578873
3272,4102252,0.578873
3273,4102252,0.578873
3274,4102252,0.578873
3275,4102252,0.578873
3276,4102252,0.578873
3277,4102252,0.578873
3278,4102252,0.578873
3279,4102252,0.578873
3280,4102252,0.578873
3281,4102252,0.578873
3282,4102252,0.578873
3283,4102252,0.578873
3284,4102252,0.578873
3285,4102252,0.578873
3286,4102252,0.578873
3287,4102252,0.578873
3288,4102252,0.578873
3289,4102252,0.578873
3290,4102252,0.578873
3291,4102252,0.578873
3292,4102252,0.578873
3293,4102252,0.578873
3294,4102252,0.578873
3295,4102252,0.578873
3296,4102252,0.578873
3297,4102252,0.578873
3298,4102252,0.578873
3299,4102252,0.578873
3300,4102252,0.578873
3301,4102252,0.578873
3302,4102252,0.578873
3303,4102252,0.578873
3304,4102252,0.578873
3305,4102252,0.578873
3306,4102252,0.578873
3307,4102252,0.578873
3308,4102252,0.578873
3309,4102252,0.578873
3310,4102252,0.578873
3311,4102252,0.578873
3312,4102252,0.578873
3313,4102252,0.578873
3314,4102252,0.578873
3315,4102252,0.578873
3316,4102252,0.578873
3317,4102252,0.578873
3318,4102252,0.578873
3319,4102252,0.578873
3320,4102252,0.578873
3321,4102252,0.578873
3322,4102252,0.578873
3323,4102252,0.578873
3324,4102252,0.578873
3325,4102252,0.578873
3326,4102252,0.578873
3327,4102252,0.578873
3328,4102252,0.578873
3329,4102252,0.578873
3330,4102252,0.578873
3331,4102252,0.578873
3332,4102252,0.578873
3333,4102252,0.578873
3334,4102252,0.578873
3335,4102252,0.578873
3336,4102252,0.578873
3337,4102252,0.578873
3338,4102252,0.578873
3339,4102252,0.578873
3340,4102252,0.578873
3341,4102252,0.578873
3342,4102252,0.578873
3343,4102252,0.578873
3344,4102252,0.578873
3345,4102252,0.578873
3346,4102252,0.578873
3347,4102252,0.578873
3348,4102252,0.578873
3349,4102252,0.578873
3350,4102252,0.578873
3351,4102252,0.578873
3352,4102252,0.578873
3353,4102252,0.578873
3354,4102252,0.578873
3355,4102252,0.578873
3356,4102252,0.578873
3357,4102252,0.578873
3358,4102252,0.578873
3359,4102252,0.578873
3360,4102252,0.578873
3361,4102252,0.578873
3362,4102252,0.578873
3363,4102252,0.578873
3364,4102252,0.578873
3365,4102252,0.578873
3366,4102252,0.578873
3367,4102252,0.578873
3368,4102252,0.578873
3369,4102252,0.578873
3370,4102252,0.578873
3371,4102252,0.578873
3372,4102252,0.578873
3373,4102252,0.578873
3374,4102252,0.578873
3375,4102252,0.578873
3376,4102252,0.578873
3377,4102252,0.578873
3378,4102252,0.578873
3379,4102252,0.578873
3380,4102252,0.578873
3381,4102252,0.578873
3382,4102252,0.578873
3383,4102252,0.578873
3384,4102252,0.578873
3385,4102252,0.578873
3386,4102252,0.578873
3387,4102252,0.578873
3388,4102252,0.578873
3389,4102252,0.578873
3390,4102252,0.578873
3391,4102252,0.578873
3392,4102252,0.578873
3393,4102252,0.578873
3394,4102252,0.578873
3395,4102252,0.578873
3396,4102252,0.578873
3397,4102252,0.578873
3398,4102252,0.578873
3399,4102252,0.578873
3400,4102252,0.578873
3401,4102252,0.578873
3402,4102252,0.578873
3403,4102252,0.578873
3404,4102252,0.578873
3405,4102252,0.578873
3406,4102252,0.578873
3407,4102252,0.578873
3408,4102252,0.578873
3409,4102252,0.578873
3410,4102252,0.578873
3411,4102252,0.578873
3412,4102252,0.578873
3413,4102252,0.578873
3414,4102252,0.578873
3415,4102252,0.578873
3416,4102252,0.578873
3417,4102252,0.578873
3418,4102252,0.578873
3419,4102252,0.578873
3420,4102252,0.578873
3421,4102252,0.578873
3422,4102252,0.578873
3423,4102252,0.578873
3424,4102252,0.578873
3425,4102252,0.578873
3426,4102252,0.578873
3427,4102252,0.578873
3428,4102252,0.578873
3429,4102252,0.578873
3430,4102252,0.578873
3431,4102252,0.578873
3432,4102252,0.578873
3433,4102252,0.578873
3434,4102252,0.578873
3435,4102252,0.578873
3436,4102252,0.578873
3437,4102252,0.578873
3438,4102252,0.578873
3439,4102252,0.578873
3440,4102252,0.578873
3441,4102252,0.578873
3442,4102252,0.578873
3443,4102252,0.578873
3444,4102252,0.578873
3445,4102252,0.578873
3446,4102252,0.578873
3447,4102252,0.578873
3448,4102252,0.578873
3449,4102252,0.578873
3450,4102252,0.578873
3451,4102252,0.578873
3452,4102252,0.578873
3453,4102252,0.578873
3454,4102252,0.578873
3455,4102252,0.578873
3456,4102252,0.578873
3457,4102252,0.578873
3458,4102252,0.578873
3459,4102252,0.578873
3460,4102252,0.578873
3461,4102252,0.578873
3462,4102252,0.578873
3463,4102252,0.578873
3464,4102252,0.578873
3465,4102252,0.578873
3466,4102252,0.578873
3467,4102252,0.578873
3468,4102252,0.578873
3469,4102252,0.578873
3470,4102252,0.578873
3471,4102252,0.578873
3472,4102252,0.578873
3473,4102252,0.578873
3474,4102252,0.578873
3475,4102252,0.578873
3476,4102252,0.578873
3477,4102252,0.578873
3478,4102252,0.578873
3479,4102252,0.578873
3480,4102252,0.578873
3481,4102252,0.578873
3482,4102252,0.578873
3483,4102252,0.578873
3484,4102252,0.578873
3485,4102252,0.578873
3486,4102252,0.578873
3487,4102252,0.578873
3488,4102252,0.578873
3489,4102252,0.578873
3490,4102252,0.578873
3491,4102252,0.578873
3492,4102252,0.578873
3493,4102252,0.578873
3494,4102252,0.578873
3495,4102252,0.578873
3496,4102252,0.578873
3497,4102252,0.578873
3498,4102252,0.578873
3499,4102252,0.578873
3500,4102252,0.578873
3501,4102252,0.578873
3502,4102252,0.578873
3503,4102252,0.578873
3504,4102252,0.578873
3505,4102252,0.578873
3506,4102252,0.578873
3507,4102252,0.578873
3508,4102252,0.578873
3509,4102252,0.578873
3510,4102252,0.578873
3511,4102252,0.578873
3512,4102252,0.578873
3513,4102252,0.578873
3514,4102252,0.578873
3515,4102252,0.578873
3516,4102252,0.578873
3517,4102252,0.578873
3518,4102252,0.578873
3519,4102252,0.578873
3520,4102252,0.578873
3521,4102252,0.578873
3522,4102252,0.578873
3523,4102252,0.578873
3524,4102252,0.578873
3525,4102252,0.578873
3526,4102252,0.578873
3527,4102252,0.578873
3528,4102252,0.578873
3529,4102252,0.578873
3530,4102252,0.578873
3531,4102252,0.578873
3532,4102252,0.578873
3533,4102252,0.578873
3534,4102252,0.578873
3535,4102252,0.578873
3536,4102252,0.578873
3537,4102252,0.578873
3538,4102252,0.578873
3539,4102252,0.578873
3540,4102252,0.578873
3541,4102252,0.578873
3542,4102252,0.578873
3543,4102252,0.578873
3544,4102252,0.578873
3545,4102252,0.578873
3546,4102252,0.578873
3547,4102252,0.578873
3548,4102252,0.578873
3549,4102252,0.578873
3550,4102252,0.578873
3551,4102252,0.578873
3552,4102252,0.578873
3553,4102252,0.578873
3554,4102252,0.578873
3555,4102252,0.578873
3556,4102252,0.578873
3557,4102252,0.578873
3558,4102252,0.578873
3559,4102252,0.578873
3560,4102252,0.578873
3561,4102252,0.578873
3562,4102252,0.578873
3563,4102252,0.578873
3564,4102252,0.578873
3565,4102252,0.578873
3566,4102252,0.578873
3567,4102252,0.578873
3568,4102252,0.578873
3569,4102252,0.578873
3570,4102252,0.578873
3571,4102252,0.578873
3572,4102252,0.578873
3573,4102252,0.578873
3574,4102252,0.578873
3575,4102252,0.578873
3576,4102252,0.578873
3577,4102252,0.578873
3578,4102252,0.578873
3579,4102252,0.578873
3580,4102252,0.578873
3581,4102252,0.578873
3582,4102252,0.578873
3583,4102252,0.578873
3584,4102252,0.578873
3585,4102252,0.578873
3586,4102252,0.578873
3587,4102252,0.578873
3588,4102252,0.578873
3589,4102252,0.578873
3590,4102252,0.578873
3591,4102252,0.578873
3592,4102252,0.578873
3593,4102252,0.578873
3594,4102252,0.578873
3595,4102252,0.578873
3596,4102252,0.578873
3597,4102252,0.578873
3598,4102252,0.578873
3599,4102252,0.578873
3600,4102252,0.578873
3601,4102252,0.578873
3602,4102252,0.578873
3603,4102252,0.578873
3604,4102252,0.578873
3605,4102252,0.578873
3606,4102252,0.578873
3607,4102252,0.578873
3608,4102252,0.578873
3609,4102252,0.578873
3610,4102252,0.578873
3611,4102252,0.578873
3612,4102252,0.578873
3613,4102252,0.578873
3614,4102252,0.578873
3615,4102252,0.578873
3616,4102252,0.578873
3617,4102252,0.578873
3618,4102252,0.578873
3619,4102252,0.578873
3620,4102252,0.578873
3621,4102252,0.578873
3622,4102252,0.578873
3623,4102252,0.578873
3624,4102252,0.578873
3625,4102252,0.578873
3626,4102252,0.578873
3627,4102252,0.578873
3628,4102252,0.578873
3629,4102252,0.578873
3630,4102252,0.578873
3631,4102252,0.578873
3632,4102252,0.578873
3633,4102252,0.578873
3634,4102252,0.578873
3635,4102252,0.578873
3636,4102252,0.578873
3637,4102252,0.578873
3638,4102252,0.578873
3639,4102252,0.578873
3640,4102252,0.578873
3641,4102252,0.578873
3642,4102252,0.578873
3643,4102252,0.578873
3644,4102252,0.578873
3645,4102252,0.578873
3646,4102252,0.578873
3647,4102252,0.578873
3648,4102252,0.578873
3649,4102252,0.578873
3650,4102252,0.578873
3651,4102252,0.578873
3652,4102252,0.578873
3653,4102252,0.578873
3654,4102252,0.578873
3655,4102252,0.578873
3656,4102252,0.578873
3657,4102252,0.578873
3658,4102252,0.578873
3659,4102252,0.578873
3660,4102252,0.578873
3661,4102252,0.578873
3662,4102252,0.578873
3663,4102252,0.578873
3664,4102252,0.578873
3665,4102252,0.578873
3666,4102252,0.578873
3667,4102252,0.578873
3668,4102252,0.578873
3669,4102252,0.578873
3670,4102252,0.578873
3671,4102252,0.578873
3672,4102252,0.578873
3673,4102252,0.578873
3674,4102252,0.578873
3675,4102252,0.578873
3676,4102252,0.578873
3677,4102252,0.578873
3678,4102252,0.578873
3679,4102252,0.578873
3680,4102252,0.578873
3681,4102252,0.578873
3682,4102252,0.578873
3683,4102252,0.578873
3684,4102252,0.578873
3685,4102252,0.578873
3686,4102252,0.578873
3687,4102252,0.578873
3688,4102252,0.578873
3689,4102252,0.578873
3690,4102252,0.578873
3691,4102252,0.578873
3692,4102252,0.578873
3693,4102252,0.578873
3694,4102252,0.578873
3695,4102252,0.578873
3696,4102252,0.578873
3697,4102252,0.578873
3698,4102252,0.578873
3699,4102252,0.578873
3700,4102252,0.578873
3701,4102252,0.578873
3702,4102252,0.578873
3703,4102252,0.578873
3704,4102252,0.578873
3705,4102252,0.578873
3706,4102252,0.578873
3707,4102252,0.578873
3708,4102252,0.578873
3709,4102252,0.578873
3710,4102252,0.578873
3711,4102252,0.578873
3712,4102252,0.578873
3713,4102252,0.578873
3714,4102252,0.578873
3715,4102252,0.578873
3716,4102252,0.578873
3717,4102252,0.578873
3718,4102252,0.578873
3719,4102252,0.578873
3720,4102252,0.578873
3721,4102252,0.578873
3722,4102252,0.578873
3723,4102252,0.578873
3724,4102252,0.578873
3725,4102252,0.578873
3726,4102252,0.578873
3727,4102252,0.578873
3728,4102252,0.578873
3729,4102252,0.578873
3730,4102252,0.578873
3731,4102252,0.578873
3732,4102252,0.578873
3733,4102252,0.578873
3734,4102252,0.578873
3735,4102252,0.578873
3736,4102252,0.578873
3737,4102252,0.578873
3738,4102252,0.578873
3739,4102252,0.578873
3740,4102252,0.578873
3741,4102252,0.578873
3742,4102252,0.578873
3743,4102252,0.578873
3744,4102252,0.578873
3745,4102252,0.578873
3746,4102252,0.578873
3747,4102252,0.578873
3748,4102252,0.578873
3749,4102252,0.578873
3750,4102252,0.578873
3751,4102252,0.578873
3752,4102252,0.578873
3753,4102252,0.578873
3754,4102252,0.578873
3755,4102252,0.578873
3756,4102252,0.578873
3757,4102252,0.578873
3758,4102252,0.578873
3759,4102252,0.578873
3760,4102252,0.578873
3761,4102252,0.578873
3762,4102252,0.578873
3763,4102252,0.578873
3764,4102252,0.578873
3765,4102252,0.578873
3766,4102252,0.578873
3767,4102252,0.578873
3768,4102252,0.578873
3769,4102252,0.578873
3770,4102252,0.578873
3771,4102252,0.578873
3772,4102252,0.578873
3773,4102252,0.578873
3774,4102252,0.578873
3775,4102252,0.578873
3776,4102252,0.578873
3777,4102252,0.578873
3778,4102252,0.578873
3779,4102252,0.578873
3780,4102252,0.578873
3781,4102252,0.578873
3782,4102252,0.578873
3783,4102252,0.578873
3784,4102252,0.578873
3785,4102252,0.578873
3786,4102252,0.578873
3787,4102252,0.578873
3788,4102252,0.578873
3789,4102252,0.578873
3790,4102252,0.578873
3791,4102252,0.578873
3792,4102252,0.578873
3793,4102252,0.578873
3794,4102252,0.578873
3795,4102252,0.578873
3796,4102252,0.578873
3797,4102252,0.578873
3798,4102252,0.578873
3799,4102252,0.578873
3800,4102252,0.578873
3801,4102252,0.578873
3802,4102252,0.578873
3803,4102252,0.578873
3804,4102252,0.578873
3805,4102252,0.578873
3806,4102252,0.578873
3807,4102252,0.578873
3808,4102252,0.578873
3809,4102252,0.578873
3810,4102252,0.578873
3811,4102252,0.578873
3812,4102252,0.578873
3813,4102252,0.578873
3814,4102252,0.578873
3815,4102252,0.578873
3816,4102252,0.578873
3817,4102252,0.578873
3818,4102252,0.578873
3819,4102252,0.578873
3820,4102252,0.578873
3821,4102252,0.578873
3822,4102252,0.578873
3823,4102252,0.578873
3824,4102252,0.578873
3825,4102252,0.578873
3826,4102252,0.578873
3827,4102252,0.578873
3828,4102252,0.578873
3829,4102252,0.578873
3830,4102252,0.578873
3831,4102252,0.578873
3832,4102252,0.578873
3833,4102252,0.578873
3834,4102252,0.578873
3835,4102252,0.578873
3836,4102252,0.578873
3837,4102252,0.578873
3838,4102252,0.578873
3839,4102252,0.578873
3840,4102252,0.578873
3841,4102252,0.578873
3842,4102252,0.578873
3843,4102252,0.578873
3844,4102252,0.578873
3845,4102252,0.578873
3846,4102252,0.578873
3847,4102252,0.578873
3848,4102252,0.578873
3849,4102252,0.578873
3850,4102252,0.578873
3851,4102252,0.578873
3852,4102252,0.578873
3853,4102252,0.578873
3854,4102252,0.578873
3855,4102252,0.578873
3856,4102252,0.578873
3857,4102252,0.578873
3858,4102252,0.578873
3859,4102252,0.578873
3860,4102252,0.578873
3861,4102252,0.578873
3862,4102252,0.578873
3863,4102252,0.578873
3864,4102252,0.578873
3865,4102252,0.578873
3866,4102252,0.578873
3867,4102252,0.578873
3868,4102252,0.578873
3869,4102252,0.578873
3870,4102252,0.578873
3871,4102252,0.578873
3872,4102252,0.578873
3873,4102252,0.578873
3874,4102252,0.578873
3875,4102252,0.578873
3876,4102252,0.578873
3877,4102252,0.578873
3878,4102252,0.578873
3879,4102252,0.578873
3880,4102252,0.578873
3881,4102252,0.578873
3882,4102252,0.578873
3883,4102252,0.578873
3884,4102252,0.578873
3885,4102252,0.578873
3886,4102252,0.578873
3887,4102252,0.578873
3888,4102252,0.578873
3889,4102252,0.578873
3890,4102252,0.578873
3891,4102252,0.578873
3892,4102252,0.578873
3893,4102252,0.578873
3894,4102252,0.578873
3895,4102252,0.578873
3896,4102252,0.578873
3897,4102252,0.578873
3898,4102252,0.578873
3899,4102252,0.578873
3900,4102252,0.578873
3901,4102252,0.578873
3902,4102252,0.578873
3903,4102252,0.578873
3904,4102252,0.578873
3905,4102252,0.578873
3906,4102252,0.578873
3907,4102252,0.578873
3908,4102252,0.578873
3909,4102252,0.578873
3910,4102252,0.578873
3911,4102252,0.578873
3912,4102252,0.578873
3913,4102252,0.578873
3914,4102252,0.578873
3915,4102252,0.578873
3916,4102252,0.578873
3917,4102252,0.578873
3918,4102252,0.578873
3919,4102252,0.578873
3920,4102252,0.578873
3921,4102252,0.578873
3922,4102252,0.578873
3923,4102252,0.578873
3924,4102252,0.578873
3925,4102252,0.578873
3926,4102252,0.578873
3927,4102252,0.578873
3928,4102252,0.578873
3929,4102252,0.578873
3930,4102252,0.578873
3931,4102252,0.578873
3932,4102252,0.578873
3933,4102252,0.578873
3934,4102252,0.578873
3935,4102252,0.578873
3936,4102252,0.578873
3937,4102252,0.578873
3938,4102252,0.578873
3939,4102252,0.578873
3940,4102252,0.578873
3941,4102252,0.578873
3942,4102252,0.578873
3943,4102252,0.578873
3944,4102252,0.578873
3945,4102252,0.578873
3946,4102252,0.578873
3947,4102252,0.578873
3948,4102252,0.578873
3949,4102252,0.578873
3950,4102252,0.578873
3951,4102252,0.578873
3952,4102252,0.578873
3953,4102252,0.578873
3954,4102252,0.578873
3955,4102252,0.578873
3956,4102252,0.578873
3957,4102252,0.578873
3958,4102252,0.578873
3959,4102252,0.578873
3960,4102252,0.578873
3961,4102252,0.578873
3962,4102252,0.578873
3963,4102252,0.578873
3964,4102252,0.578873
3965,4102252,0.578873
3966,4102252,0.578873
3967,4102252,0.578873
3968,4102252,0.578873
3969,4102252,0.578873
3970,4102252,0.578873
3971,4102252,0.578873
3972,4102252,0.578873
3973,4102252,0.578873
3974,4102252,0.578873
3975,4102252,0.578873
3976,4102252,0.578873
3977,4102252,0.578873
3978,4102252,0.578873
3979,4102252,0.578873
3980,4102252,0.578873
3981,4102252,0.578873
3982,4102252,0.578873
3983,4102252,0.578873
3984,4102252,0.578873
3985,4102252,0.578873
3986,4102252,0.578873
3987,4102252,0.578873
3988,4102252,0.578873
3989,4102252,0.578873
3990,4102252,0.578873
3991,4102252,0.578873
3992,4102252,0.578873
3993,4102252,0.578873
3994,4102252,0.578873
3995,4102252,0.578873
3996,4102252,0.578873
3997,4102252,0.578873
3998,4102252,0.578873
3999,4102252,0.578873
4000,4102252,0.578873
4001,4102252,0.578873
4002,4102252,0.578873
4003,4102252,0.578873
4004,4102252,0.578873
4005,4102252,0.578873
4006,4102252,0.578873
4007,4102252,0.578873
4008,4102252,0.578873
4009,4102252,0.578873
4010,4102252,0.578873
4011,4102252,0.578873
4012,4102252,0.578873
4013,4102252,0.578873
4014,4102252,0.578873
4015,4102252,0.578873
4016,4102252,0.578873
4017,4102252,0.578873
4018,4102252,0.578873
4019,4102252,0.578873
4020,4102252,0.578873
4021,4102252,0.578873
4022,4102252,0.578873
4023,4102252,0.578873
4024,4102252,0.578873
4025,4102252,0.578873
4026,4102252,0.578873
4027,4102252,0.578873
4028,4102252,0.578873
4029,4102252,0.578873
4030,4102252,0.578873
4031,4102252,0.578873
4032,4102252,0.578873
4033,4102252,0.578873
4034,4102252,0.578873
4035,4102252,0.578873
4036,4102252,0.578873
4037,4102252,0.578873
4038,4102252,0.578873
4039,4102252,0.578873
4040,4102252,0.578873
4041,4102252,0.578873
4042,4102252,0.578873
4043,4102252,0.578873
4044,4102252,0.578873
4045,4102252,0.578873
4046,4102252,0.578873
4047,4102252,0.578873
4048,4102252,0.578873
4049,4102252,0.578873
4050,4102252,0.578873
4051,4102252,0.578873
4052,4102252,0.578873
4053,4102252,0.578873
4054,4102252,0.578873
4055,4102252,0.578873
4056,4102252,0.578873
4057,4102252,0.578873
4058,4102252,0.578873
4059,4102252,0.578873
4060,4102252,0.578873
4061,4102252,0.578873
4062,4102252,0.578873
4063,4102252,0.578873
4064,4102252,0.578873
4065,4102252,0.578873
4066,4102252,0.578873
4067,4102252,0.578873
4068,4102252,0.578873
4069,4102252,0.578873
4070,4102252,0.578873
4071,4102252,0.578873
4072,4102252,0.578873
4073,4102252,0.578873
4074,4102252,0.578873
4075,4102252,0.578873
4076,4102252,0.578873
4077,4102252,0.578873
4078,4102252,0.578873
4079,4102252,0.578873
4080,4102252,0.578873
4081,4102252,0.578873
4082,4102252,0.578873
4083,4102252,0.578873
4084,4102252,0.578873
4085,4102252,0.578873
4086,4102252,0.578873
4087,4102252,0.578873
4088,4102252,0.578873
4089,4102252,0.578873
4090,4102252,0.578873
4091,4102252,0.578873
4092,4102252,0.578873
4093,4102252,0.578873
4094,4102252,0.578873
4095,4102252,0.578873
4096,4102252,0.578873
4097,4102252,0.578873
4098,4102252,0.578873
4099,4102252,0.578873
4100,4102252,0.578873
4101,4102252,0.578873
4102,4102252,0.578873
4103,4102252,0.578873
4104,4102252,0.578873
4105,4102252,0.578873
4106,4102252,0.578873
4107,4102252,0.578873
4108,4102252,0.578873
4109,4102252,0.578873
4110,4102252,0.578873
4111,4102252,0.578873
4112,4102252,0.578873
4113,4102252,0.578873
4114,4102252,0.578873
4115,4102252,0.578873
4116,4102252,0.578873
4117,4102252,0.578873
4118,4102252,0.578873
4119,4102252,0.578873
4120,4102252,0.578873
4121,4102252,0.578873
4122,4102252,0.578873
4123,4102252,0.578873
4124,4102252,0.578873
4125,4102252,0.578873
4126,4102252,0.578873
4127,4102252,0.578873
4128,4102252,0.578873
4129,4102252,0.578873
4130,4102252,0.578873
4131,4102252,0.578873
4132,4102252,0.578873
4133,4102252,0.578873
4134,4102252,0.578873
4135,4102252,0.578873
4136,4102252,0.578873
4137,4102252,0.578873
4138,4102252,0.578873
4139,4102252,0.578873
4140,4102252,0.578873
4141,4102252,0.578873
4142,4102252,0.578873
4143,4102252,0.578873
4144,4102252,0.578873
4145,4102252,0.578873
4146,4102252,0.578873
4147,4102252,0.578873
4148,4102252,0.578873
4149,4102252,0.578873
4150,4102252,0.578873
4151,4102252,0.578873
4152,4102252,0.578873
4153,4102252,0.578873
4154,4102252,0.578873
4155,4102252,0.578873
4156,4102252,0.578873
4157,4102252,0.578873
4158,4102252,0.578873
4159,4102252,0.578873
4160,4102252,0.578873
4161,4102252,0.578873
4162,4102252,0.578873
4163,4102252,0.578873
4164,4102252,0.578873
4165,4102252,0.578873
4166,4102252,0.578873
4167,4102252,0.578873
4168,4102252,0.578873
4169,4102252,0.578873
4170,4102252,0.578873
4171,4102252,0.578873
4172,4102252,0.578873
4173,4102252,0.578873
4174,4102252,0.578873
4175,4102252,0.578873
4176,4102252,0.578873
4177,4102252,0.578873
4178,4102252,0.578873
4179,4102252,0.578873
4180,4102252,0.578873
4181,4102252,0.578873
4182,4102252,0.578873
4183,4102252,0.578873
4184,4102252,0.578873
4185,4102252,0.578873
4186,4102252,0.578873
4187,4102252,0.578873
4188,4102252,0.578873
4189,4102252,0.578873
4190,4102252,0.578873
4191,4102252,0.578873
4192,4102252,0.578873
4193,4102252,0.578873
4194,4102252,0.578873
4195,4102252,0.578873
4196,4102252,0.578873
4197,4102252,0.578873
4198,4102252,0.578873
4199,4102252,0.578873
4200,4102252,0.578873
4201,4102252,0.578873
4202,4102252,0.578873
4203,4102252,0.578873
4204,4102252,0.578873
4205,4102252,0.578873
4206,4102252,0.578873
4207,4102252,0.578873
4208,4102252,0.578873
4209,4102252,0.578873
4210,4102252,0.578873
4211,4102252,0.578873
4212,4102252,0.578873
4213,4102252,0.578873
4214,4102252,0.578873
4215,4102252,0.578873
4216,4102252,0.578873
4217,4102252,0.578873
4218,4102252,0.578873
4219,4102252,0.578873
4220,4102252,0.578873
4221,4102252,0.578873
4222,4102252,0.578873
4223,4102252,0.578873
4224,4102252,0.578873
4225,4102252,0.578873
4226,4102252,0.578873
4227,4102252,0.578873
4228,4102252,0.578873
4229,4102252,0.578873
4230,4102252,0.578873
4231,4102252,0.578873
4232,4102252,0.578873
4233,4102252,0.578873
4234,4102252,0.578873
4235,4102252,0.578873
4236,4102252,0.578873
4237,4102252,0.578873
4238,4102252,0.578873
4239,4102252,0.578873
4240,4102252,0.578873
4241,4102252,0.578873
4242,4102252,0.578873
4243,4102252,0.578873
4244,4102252,0.578873
4245,4102252,0.578873
4246,4102252,0.578873
4247,4102252,0.578873
4248,4102252,0.578873
4249,4102252,0.578873
4250,4102252,0.578873
4251,4102252,0.578873
4252,4102252,0.578873
4253,4102252,0.578873
4254,4102252,0.578873
4255,4102252,0.578873
4256,4102252,0.578873
4257,4102252,0.578873
4258,4102252,0.578873
4259,4102252,0.578873
4260,4102252,0.578873
4261,4102252,0.578873
4262,4102252,0.578873
4263,4102252,0.578873
4264,4102252,0.578873
4265,4102252,0.578873
4266,4102252,0.578873
4267,4102252,0.578873
4268,4102252,0.578873
4269,4102252,0.578873
4270,4102252,0.578873
4271,4102252,0.578873
4272,4102252,0.578873
4273,4102252,0.578873
4274,4102252,0.578873
4275,4102252,0.578873
4276,4102252,0.578873
4277,4102252,0.578873
4278,4102252,0.578873
4279,4102252,0.578873
4280,4102252,0.578873
4281,4102252,0.578873
4282,4102252,0.578873
4283,4102252,0.578873
4284,4102252,0.578873
4285,4102252,0.578873
4286,4102252,0.578873
4287,4102252,0.578873
4288,4102252,0.578873
4289,4102252,0.578873
4290,4102252,0.578873
4291,4102252,0.578873
4292,4102252,0.578873
4293,4102252,0.578873
4294,4102252,0.578873
4295,4102252,0.578873
4296,4102252,0.578873
4297,4102252,0.578873
4298,4102252,0.578873
4299,4102252,0.578873
4300,4102252,0.578873
4301,4102252,0.578873
4302,4102252,0.578873
4303,4102252,0.578873
4304,4102252,0.578873
4305,4102252,0.578873
4306,4102252,0.578873
4307,4102252,0.578873
4308,4102252,0.578873
4309,4102252,0.578873
4310,4102252,0.578873
4311,4102252,0.578873
4312,4102252,0.578873
4313,4102252,0.578873
4314,4102252,0.578873
4315,4102252,0.578873
4316,4102252,0.578873
4317,4102252,0.578873
4318,4102252,0.578873
4319,4102252,0.578873
4320,4102252,0.578873
4321,4102252,0.578873
4322,4102252,0.578873
4323,4102252,0.578873
4324,4102252,0.578873
4325,4102252,0.578873
4326,4102252,0.578873
4327,4102252,0.578873
4328,4102252,0.578873
4329,4102252,0.578873
4330,4102252,0.578873
4331,4102252,0.578873
4332,4102252,0.578873
4333,4102252,0.578873
4334,4102252,0.578873
4335,4102252,0.578873
4336,4102252,0.578873
4337,4102252,0.578873
4338,4102252,0.578873
4339,4102252,0.578873
4340,4102252,0.578873
4341,4102252,0.578873
4342,4102252,0.578873
4343,4102252,0.578873
4344,4102252,0.578873
4345,4102252,0.578873
4346,4102252,0.578873
4347,4102252,0.578873
4348,4102252,0.578873
4349,4102252,0.578873
4350,4102252,0.578873
4351,4102252,0.578873
4352,4102252,0.578873
4353,4102252,0.578873
4354,4102252,0.578873
4355,4102252,0.578873
4356,4102252,0.578873
4357,4102252,0.578873
4358,4102252,0.578873
4359,4102252,0.578873
4360,4102252,0.578873
4361,4102252,0.578873
4362,4102252,0.578873
4363,4102252,0.578873
4364,4102252,0.578873
4365,4102252,0.578873
4366,4102252,0.578873
4367,4102252,0.578873
4368,4102252,0.578873
4369,4102252,0.578873
4370,4102252,0.578873
4371,4102252,0.578873
4372,4102252,0.578873
4373,4102252,0.578873
4374,4102252,0.578873
4375,4102252,0.578873
4376,4102252,0.578873
4377,4102252,0.578873
4378,4102252,0.578873
4379,4102252,0.578873
4380,4102252,0.578873
4381,4102252,0.578873
4382,4102252,0.578873
4383,4102252,0.578873
4384,4102252,0.578873
4385,4102252,0.578873
4386,4102252,0.578873
4387,4102252,0.578873
4388,4102252,0.578873
4389,4102252,0.578873
4390,4102252,0.578873
4391,4102252,0.578873
4392,4102252,0.578873
4393,4102252,0.578873
4394,4102252,0.578873
4395,4102252,0.578873
4396,4102252,0.578873
4397,4102252,0.578873
4398,4102252,0.578873
4399,4102252,0.578873
4400,4102252,0.578873
4401,4102252,0.578873
4402,4102252,0.578873
4403,4102252,0.578873
4404,4102252,0.578873
4405,4102252,0.578873
4406,4102252,0.578873
4407,4102252,0.578873
4408,4102252,0.578873
4409,4102252,0.578873
4410,4102252,0.578873
4411,4102252,0.578873
4412,4102252,0.578873
4413,4102252,0.578873
4414,4102252,0.578873
4415,4102252,0.578873
4416,4102252,0.578873
4417,4102252,0.578873
4418,4102252,0.578873
4419,4102252,0.578873
4420,4102252,0.578873
4421,4102252,0.578873
4422,4102252,0.578873
4423,4102252,0.578873
4424,4102252,0.578873
4425,4102252,0.578873
4426,4102252,0.578873
4427,4102252,0.578873
4428,4102252,0.578873
4429,4102252,0.578873
4430,4102252,0.578873
4431,4102252,0.578873
4432,4102252,0.578873
4433,4102252,0.578873
4434,4102252,0.578873
4435,4102252,0.578873
4436,4102252,0.578873
4437,4102252,0.578873
4438,4102252,0.578873
4439,4102252,0.578873
4440,4102252,0.578873
4441,4102252,0.578873
4442,4102252,0.578873
4443,4102252,0.578873
4444,4102252,0.578873
4445,4102252,0.578873
4446,4102252,0.578873
4447,4102252,0.578873
4448,4102252,0.578873
4449,4102252,0.578873
4450,4102252,0.578873
4451,4102252,0.578873
4452,4102252,0.578873
4453,4102252,0.578873
4454,4102252,0.578873
4455,4102252,0.578873
4456,4102252,0.578873
4457,4102252,0.578873
4458,4102252,0.578873
4459,4102252,0.578873
4460,4102252,0.578873
4461,4102252,0.578873
4462,4102252,0.578873
4463,4102252,0.578873
4464,4102252,0.578873
4465,4102252,0.578873
4466,4102252,0.578873
4467,4102252,0.578873
4468,4102252,0.578873
4469,4102252,0.578873
4470,4102252,0.578873
4471,4102252,0.578873
4472,4102252,0.578873
4473,4102252,0.578873
4474,4102252,0.578873
4475,4102252,0.578873
4476,4102252,0.578873
4477,4102252,0.578873
4478,4102252,0.578873
4479,4102252,0.578873
4480,4102252,0.578873
4481,4102252,0.578873
4482,4102252,0.578873
4483,4102252,0.578873
4484,4102252,0.578873
4485,4102252,0.578873
4486,4102252,0.578873
4487,4102252,0.578873
4488,4102252,0.578873
4489,4102252,0.578873
4490,4102252,0.578873
4491,4102252,0.578873
4492,4102252,0.578873
4493,4102252,0.578873
4494,4102252,0.578873
4495,4102252,0.578873
4496,4102252,0.578873
4497,4102252,0.578873
4498,4102252,0.578873
4499,4102252,0.578873
4500,4102252,0.578873
4501,4102252,0.578873
4502,4102252,0.578873
4503,4102252,0.578873
4504,4102252,0.578873
4505,4102252,0.578873
4506,4102252,0.578873
4507,4102252,0.578873
4508,4102252,0.578873
4509,4102252,0.578873
4510,4102252,0.578873
4511,4102252,0.578873
4512,4102252,0.578873
4513,4102252,0.578873
4514,4102252,0.578873
4515,4102252,0.578873
4516,4102252,0.578873
4517,4102252,0.578873
4518,4102252,0.578873
4519,4102252,0.578873
4520,4102252,0.578873
4521,4102252,0.578873
4522,4102252,0.578873
4523,4102252,0.578873
4524,4102252,0.578873
4525,4102252,0.578873
4526,4102252,0.578873
4527,4102252,0.578873
4528,4102252,0.578873
4529,4102252,0.578873
4530,4102252,0.578873
4531,4102252,0.578873
4532,4102252,0.578873
4533,4102252,0.578873
4534,4102252,0.578873
4535,4102252,0.578873
4536,4102252,0.578873
4537,4102252,0.578873
4538,4102252,0.578873
4539,4102252,0.578873
4540,4102252,0.578873
4541,4102252,0.578873
4542,4102252,0.578873
4543,4102252,0.578873
4544,4102252,0.578873
4545,4102252,0.578873
4546,4102252,0.578873
4547,4102252,0.578873
4548,4102252,0.578873
4549,4102252,0.578873
4550,4102252,0.578873
4551,4102252,0.578873
4552,4102252,0.578873
4553,4102252,0.578873
4554,4102252,0.578873
4555,4102252,0.578873
4556,4102252,0.578873
4557,4102252,0.578873
4558,4102252,0.578873
4559,4102252,0.578873
4560,4102252,0.578873
4561,4102252,0.578873
4562,4102252,0.578873
4563,4102252,0.578873
4564,4102252,0.578873
4565,4102252,0.578873
4566,4102252,0.578873
4567,4102252,0.578873
4568,4102252,0.578873
4569,4102252,0.578873
4570,4102252,0.578873
4571,4102252,0.578873
4572,4102252,0.578873
4573,4102252,0.578873
4574,4102252,0.578873
4575,4102252,0.578873
4576,4102252,0.578873
4577,4102252,0.578873
4578,4102252,0.578873
4579,4102252,0.578873
4580,4102252,0.578873
4581,4102252,0.578873
4582,4102252,0.578873
4583,4102252,0.578873
4584,4102252,0.578873
4585,4102252,0.578873
4586,4102252,0.578873
4587,4102252,0.578873
4588,4102252,0.578873
4589,4102252,0.578873
4590,4102252,0.578873
4591,4102252,0.578873
4592,4102252,0.578873
4593,4102252,0.578873
4594,4102252,0.578873
4595,4102252,0.578873
4596,4102252,0.578873
4597,4102252,0.578873
4598,4102252,0.578873
4599,4102252,0.578873
4600,4102252,0.578873
4601,4102252,0.578873
4602,4102252,0.578873
4603,4102252,0.578873
4604,4102252,0.578873
4605,4102252,0.578873
4606,4102252,0.578873
4607,4102252,0.578873
4608,4102252,0.578873
4609,4102252,0.578873
4610,4102252,0.578873
4611,4102252,0.578873
4612,4102252,0.578873
4613,4102252,0.578873
4614,4102252,0.578873
4615,4102252,0.578873
4616,4102252,0.578873
4617,4102252,0.578873
4618,4102252,0.578873
4619,4102252,0.578873
4620,4102252,0.578873
4621,4102252,0.578873
4622,4102252,0.578873
4623,4102252,0.578873
4624,4102252,0.578873
4625,4102252,0.578873
4626,4102252,0.578873
4627,4102252,0.578873
4628,4102252,0.578873
4629,4102252,0.578873
4630,4102252,0.578873
4631,4102252,0.578873
4632,4102252,0.578873
4633,4102252,0.578873
4634,4102252,0.578873
4635,4102252,0.578873
4636,4102252,0.578873
4637,4102252,0.578873
4638,4102252,0.578873
4639,4102252,0.578873
4640,4102252,0.578873
4641,4102252,0.578873
4642,4102252,0.578873
4643,4102252,0.578873
4644,4102252,0.578873
4645,4102252,0.578873
4646,4102252,0.578873
4647,4102252,0.578873
4648,4102252,0.578873
4649,4102252,0.578873
4650,4102252,0.578873
4651,4102252,0.578873
4652,4102252,0.578873
4653,4102252,0.578873
4654,4102252,0.578873
4655,4102252,0.578873
4656,4102252,0.578873
4657,4102252,0.578873
4658,4102252,0.578873
4659,4102252,0.578873
4660,4102252,0.578873
4661,4102252,0.578873
4662,4102252,0.578873
4663,4102252,0.578873
4664,4102252,0.578873
4665,4102252,0.578873
4666,4102252,0.578873
4667,4102252,0.578873
4668,4102252,0.578873
4669,4102252,0.578873
4670,4102252,0.578873
4671,4102252,0.578873
4672,4102252,0.578873
4673,4102252,0.578873
4674,4102252,0.578873
4675,4102252,0.578873
4676,4102252,0.578873
4677,4102252,0.578873
4678,4102252,0.578873
4679,4102252,0.578873
4680,4102252,0.578873
4681,4102252,0.578873
4682,4102252,0.578873
4683,4102252,0.578873
4684,4102252,0.578873
4685,4102252,0.578873
4686,4102252,0.578873
4687,4102252,0.578873
4688,4102252,0.578873
4689,4102252,0.578873
4690,4102252,0.578873
4691,4102252,0.578873
4692,4102252,0.578873
4693,4102252,0.578873
4694,4102252,0.578873
4695,4102252,0.578873
4696,4102252,0.578873
4697,4102252,0.578873
4698,4102252,0.578873
4699,4102252,0.578873
4700,4102252,0.578873
4701,4102252,0.578873
4702,4102252,0.578873
4703,4102252,0.578873
4704,4102252,0.578873
4705,4102252,0.578873
4706,4102252,0.578873
4707,4102252,0.578873
4708,4102252,0.578873
4709,4102252,0.578873
4710,4102252,0.578873
4711,4102252,0.578873
4712,4102252,0.578873
4713,4102252,0.578873
4714,4102252,0.578873
4715,4102252,0.578873
4716,4102252,0.578873
4717,4102252,0.578873
4718,4102252,0.578873
4719,4102252,0.578873
4720,4102252,0.578873
4721,4102252,0.578873
4722,4102252,0.578873
4723,4102252,0.578873
4724,4102252,0.578873
4725,4102252,0.578873
4726,4102252,0.578873
4727,4102252,0.578873
4728,4102252,0.578873
4729,4102252,0.578873
4730,4102252,0.578873
4731,4102252,0.578873
4732,4102252,0.578873
4733,4102252,0.578873
4734,4102252,0.578873
4735,4102252,0.578873
4736,4102252,0.578873
4737,4102252,0.578873
4738,4102252,0.578873
4739,4102252,0.578873
4740,4102252,0.578873
4741,4102252,0.578873
4742,4102252,0.578873
4743,4102252,0.578873
4744,4102252,0.578873
4745,4102252,0.578873
4746,4102252,0.578873
4747,4102252,0.578873
4748,4102252,0.578873
4749,4102252,0.578873
4750,4102252,0.578873
4751,4102252,0.578873
4752,4102252,0.578873
4753,4102252,0.578873
4754,4102252,0.578873
4755,4102252,0.578873
4756,4102252,0.578873
4757,4102252,0.578873
4758,4102252,0.578873
4759,4102252,0.578873
4760,4102252,0.578873
4761,4102252,0.578873
4762,4102252,0.578873
4763,4102252,0.578873
4764,4102252,0.578873
4765,4102252,0.578873
4766,4102252,0.578873
4767,4102252,0.578873
4768,4102252,0.578873
4769,4102252,0.578873
4770,4102252,0.578873
4771,4102252,0.578873
4772,4102252,0.578873
4773,4102252,0.578873
4774,4102252,0.578873
4775,4102252,0.578873
4776,4102252,0.578873
4777,4102252,0.578873
4778,4102252,0.578873
4779,4102252,0.578873
4780,4102252,0.578873
4781,4102252,0.578873
4782,4102252,0.578873
4783,4102252,0.578873
4784,4102252,0.578873
4785,4102252,0.578873
4786,4102252,0.578873
4787,4102252,0.578873
4788,4102252,0.578873
4789,4102252,0.578873
4790,4102252,0.578873
4791,4102252,0.578873
4792,4102252,0.578873
4793,4102252,0.578873
4794,4102252,0.578873
4795,4102252,0.578873
4796,4102252,0.578873
4797,4102252,0.578873
4798,4102252,0.578873
4799,4102252,0.578873
4800,4102252,0.578873
4801,4102252,0.578873
4802,4102252,0.578873
4803,4102252,0.578873
4804,4102252,0.578873
4805,4102252,0.578873
4806,4102252,0.578873
4807,4102252,0.578873
4808,4102252,0.578873
4809,4102252,0.578873
4810,4102252,0.578873
4811,4102252,0.578873
4812,4102252,0.578873
4813,4102252,0.578873
4814,4102252,0.578873
4815,4102252,0.578873
4816,4102252,0.578873
4817,4102252,0.578873
4818,4102252,0.578873
4819,4102252,0.578873
4820,4102252,0.578873
4821,4102252,0.578873
4822,4102252,0.578873
4823,4102252,0.578873
4824,4102252,0.578873
4825,4102252,0.578873
4826,4102252,0.578873
4827,4102252,0.578873
4828,4102252,0.578873
4829,4102252,0.578873
4830,4102252,0.578873
4831,4102252,0.578873
4832,4102252,0.578873
4833,4102252,0.578873
4834,4102252,0.578873
4835,4102252,0.578873
4836,4102252,0.578873
4837,4102252,0.578873
4838,4102252,0.578873
4839,4102252,0.578873
4840,4102252,0.578873
4841,4102252,0.578873
4842,4102252,0.578873
4843,4102252,0.578873
4844,4102252,0.578873
4845,4102252,0.578873
4846,4102252,0.578873
4847,4102252,0.578873
4848,4102252,0.578873
4849,4102252,0.578873
4850,4102252,0.578873
4851,4102252,0.578873
4852,4102252,0.578873
4853,4102252,0.578873
4854,4102252,0.578873
4855,4102252,0.578873
4856,4102252,0.578873
4857,4102252,0.578873
4858,4102252,0.578873
4859,4102252,0.578873
4860,4102252,0.578873
4861,4102252,0.578873
4862,4102252,0.578873
4863,4102252,0.578873
4864,4102252,0.578873
4865,4102252,0.578873
4866,4102252,0.578873
4867,4102252,0.578873
4868,4102252,0.578873
4869,4102252,0.578873
4870,4102252,0.578873
4871,4102252,0.578873
4872,4102252,0.578873
4873,4102252,0.578873
4874,4102252,0.578873
4875,4102252,0.578873
4876,4102252,0.578873
4877,4102252,0.578873
4878,4102252,0.578873
4879,4102252,0.578873
4880,4102252,0.578873
4881,4102252,0.578873
4882,4102252,0.578873
4883,4102252,0.578873
4884,4102252,0.578873
4885,4102252,0.578873
4886,4102252,0.578873
4887,4102252,0.578873
4888,4102252,0.578873
4889,4102252,0.578873
4890,4102252,0.578873
4891,4102252,0.578873
4892,4102252,0.578873
4893,4102252,0.578873
4894,4102252,0.578873
4895,4102252,0.578873
4896,4102252,0.578873
4897,4102252,0.578873
4898,4102252,0.578873
4899,4102252,0.578873
4900,4102252,0.578873
4901,4102252,0.578873
4902,4102252,0.578873
4903,4102252,0.578873
4904,4102252,0.578873
4905,4102252,0.578873
4906,4102252,0.578873
4907,4102252,0.578873
4908,4102252,0.578873
4909,4102252,0.578873
4910,4102252,0.578873
4911,4102252,0.578873
4912,4102252,0.578873
4913,4102252,0.578873
4914,4102252,0.578873
4915,4102252,0.578873
4916,4102252,0.578873
4917,4102252,0.578873
4918,4102252,0.578873
4919,4102252,0.578873
4920,4102252,0.578873
4921,4102252,0.578873
4922,4102252,0.578873
4923,4102252,0.578873
4924,4102252,0.578873
4925,4102252,0.578873
4926,4102252,0.578873
4927,4102252,0.578873
4928,4102252,0.578873
4929,4102252,0.578873
4930,4102252,0.578873
4931,4102252,0.578873
4932,4102252,0.578873
4933,4102252,0.578873
4934,4102252,0.578873
4935,4102252,0.578873
4936,4102252,0.578873
4937,4102252,0.578873
4938,4102252,0.578873
4939,4102252,0.578873
4940,4102252,0.578873
4941,4102252,0.578873
4942,4102252,0.578873
4943,4102252,0.578873
4944,4102252,0.578873
4945,4102252,0.578873
4946,4102252,0.578873
4947,4102252,0.578873
4948,4102252,0.578873
4949,4102252,0.578873
4950,4102252,0.578873
4951,4102252,0.578873
4952,4102252,0.578873
4953,4102252,0.578873
4954,4102252,0.578873
4955,4102252,0.578873
4956,4102252,0.578873
4957,4102252,0.578873
4958,4102252,0.578873
4959,4102252,0.578873
4960,4102252,0.578873
4961,4102252,0.578873
4962,4102252,0.578873
4963,4102252,0.578873
4964,4102252,0.578873
4965,4102252,0.578873
4966,4102252,0.578873
4967,4102252,0.578873
4968,4102252,0.578873
4969,4102252,0.578873
4970,4102252,0.578873
4971,4102252,0.578873
4972,4102252,0.578873
4973,4102252,0.578873
4974,4102252,0.578873
4975,4102252,0.578873
4976,4102252,0.578873
4977,4102252,0.578873
4978,4102252,0.578873
4979,4102252,0.578873
4980,4102252,0.578873
4981,4102252,0.578873
4982,4102252,0.578873
4983,4102252,0.578873
4984,4102252,0.578873
4985,4102252,0.578873
4986,4102252,0.578873
4987,4102252,0.578873
4988,4102252,0.578873
4989,4102252,0.578873
4990,4102252,0.578873
4991,4102252,0.578873
4992,4102252,0.578873
4993,4102252,0.578873
4994,4102252,0.578873
4995,4102252,0.578873
4996,4102252,0.578873
4997,4102252,0.578873
4998,4102252,0.578873
4999,4102252,0.578873
5000,4102252,0.578873
5001,4102252,0.578873
5002,4102252,0.578873
5003,4102252,0.578873
5004,4102252,0.578873
5005,4102252,0.578873
5006,4102252,0.578873
5007,4102252,0.578873
5008,4102252,0.578873
5009,4102252,0.578873
5010,4102252,0.578873
5011,4102252,0.578873
5012,4102252,0.578873
5013,4102252,0.578873
5014,4102252,0.578873
5015,4102252,0.578873
5016,4102252,0.578873
5017,4102252,0.578873
5018,4102252,0.578873
5019,4102252,0.578873
5020,4102252,0.578873
5021,4102252,0.578873
5022,4102252,0.578873
5023,4102252,0.578873
5024,4102252,0.578873
5025,4102252,0.578873
5026,4102252,0.578873
5027,4102252,0.578873
5028,4102252,0.578873
5029,4102252,0.578873
5030,4102252,0.578873
5031,4102252,0.578873
5032,4102252,0.578873
5033,4102252,0.578873
5034,4102252,0.578873
5035,4102252,0.578873
5036,4102252,0.578873
5037,4102252,0.578873
5038,4102252,0.578873
5039,4102252,0.578873
5040,4102252,0.578873
5041,4102252,0.578873
5042,4102252,0.578873
5043,4102252,0.578873
5044,4102252,0.578873
5045,4102252,0.578873
5046,4102252,0.578873
5047,4102252,0.578873
5048,4102252,0.578873
5049,4102252,0.578873
5050,4102252,0.578873
5051,4102252,0.578873
5052,4102252,0.578873
5053,4102252,0.578873
5054,4102252,0.578873
5055,4102252,0.578873
5056,4102252,0.578873
5057,4102252,0.578873
5058,4102252,0.578873
5059,4102252,0.578873
5060,4102252,0.578873
5061,4102252,0.578873
5062,4102252,0.578873
5063,4102252,0.578873
5064,4102252,0.578873
5065,4102252,0.578873
5066,4102252,0.578873
5067,4102252,0.578873
5068,4102252,0.578873
5069,4102252,0.578873
5070,4102252,0.578873
5071,4102252,0.578873
5072,4102252,0.578873
5073,4102252,0.578873
5074,4102252,0.578873
5075,4102252,0.578873
5076,4102252,0.578873
5077,4102252,0.578873
5078,4102252,0.578873
5079,4102252,0.578873
5080,4102252,0.578873
5081,4102252,0.578873
5082,4102252,0.578873
5083,4102252,0.578873
5084,4102252,0.578873
5085,4102252,0.578873
5086,4102252,0.578873
5087,4102252,0.578873
5088,4102252,0.578873
5089,4102252,0.578873
5090,4102252,0.578873
5091,4102252,0.578873
5092,4102252,0.578873
5093,4102252,0.578873
5094,4102252,0.578873
5095,4102252,0.578873
5096,4102252,0.578873
5097,4102252,0.578873
5098,4102252,0.578873
5099,4102252,0.578873
5100,4102252,0.578873
5101,4102252,0.578873
5102,4102252,0.578873
5103,4102252,0.578873
5104,4102252,0.578873
5105,4102252,0.578873
5106,4102252,0.578873
5107,4102252,0.578873
5108,4102252,0.578873
5109,4102252,0.578873
5110,4102252,0.578873
5111,4102252,0.578873
5112,4102252,0.578873
5113,4102252,0.578873
5114,4102252,0.578873
5115,4102252,0.578873
5116,4102252,0.578873
5117,4102252,0.578873
5118,4102252,0.578873
5119,4102252,0.578873
5120,4102252,0.578873
5121,4102252,0.578873
5122,4102252,0.578873
5123,4102252,0.578873
5124,4102252,0.578873
5125,4102252,0.578873
5126,4102252,0.578873
5127,4102252,0.578873
5128,4102252,0.578873
5129,4102252,0.578873
5130,4102252,0.578873
5131,4102252,0.578873
5132,4102252,0.578873
5133,4102252,0.578873
5134,4102252,0.578873
5135,4102252,0.578873
5136,4102252,0.578873
5137,4102252,0.578873
5138,4102252,0.578873
5139,4102252,0.578873
5140,4102252,0.578873
5141,4102252,0.578873
5142,4102252,0.578873
5143,4102252,0.578873
5144,4102252,0.578873
5145,4102252,0.578873
5146,4102252,0.578873
5147,4102252,0.578873
5148,4102252,0.578873
5149,4102252,0.578873
5150,4102252,0.578873
5151,4102252,0.578873
5152,4102252,0.578873
5153,4102252,0.578873
5154,4102252,0.578873
5155,4102252,0.578873
5156,4102252,0.578873
5157,4102252,0.578873
5158,4102252,0.578873
5159,4102252,0.578873
5160,4102252,0.578873
5161,4102252,0.578873
5162,4102252,0.578873
5163,4102252,0.578873
5164,4102252,0.578873
5165,4102252,0.578873
5166,4102252,0.578873
5167,4102252,0.578873
5168,4102252,0.578873
5169,4102252,0.578873
5170,4102252,0.578873
5171,4102252,0.578873
5172,4102252,0.578873
5173,4102252,0.578873
5174,4102252,0.578873
5175,4102252,0.578873
5176,4102252,0.578873
5177,4102252,0.578873
5178,4102252,0.578873
5179,4102252,0.578873
5180,4102252,0.578873
5181,4102252,0.578873
5182,4102252,0.578873
5183,4102252,0.578873
5184,4102252,0.578873
5185,4102252,0.578873
5186,4102252,0.578873
5187,4102252,0.578873
5188,4102252,0.578873
5189,4102252,0.578873
5190,4102252,0.578873
5191,4102252,0.578873
5192,4102252,0.578873
5193,4102252,0.578873
5194,4102252,0.578873
5195,4102252,0.578873
5196,4102252,0.578873
5197,4102252,0.578873
5198,4102252,0.578873
5199,4102252,0.578873
5200,4102252,0.578873
5201,4102252,0.578873
5202,4102252,0.578873
5203,4102252,0.578873
5204,4102252,0.578873
5205,4102252,0.578873
5206,4102252,0.578873
5207,4102252,0.578873
5208,4102252,0.578873
5209,4102252,0.578873
5210,4102252,0.578873
5211,4102252,0.578873
5212,4102252,0.578873
5213,4102252,0.578873
5214,4102252,0.578873
5215,4102252,0.578873
5216,4102252,0.578873
5217,4102252,0.578873
5218,4102252,0.578873
5219,4102252,0.578873
5220,4102252,0.578873
5221,4102252,0.578873
5222,4102252,0.578873
5223,4102252,0.578873
5224,4102252,0.578873
5225,4102252,0.578873
5226,4102252,0.578873
5227,4102252,0.578873
5228,4102252,0.578873
5229,4102252,0.578873
5230,4102252,0.578873
5231,4102252,0.578873
5232,4102252,0.578873
5233,4102252,0.578873
5234,4102252,0.578873
5235,4102252,0.578873
5236,4102252,0.578873
5237,4102252,0.578873
5238,4102252,0.578873
5239,4102252,0.578873
5240,4102252,0.578873
5241,4102252,0.578873
5242,4102252,0.578873
5243,4102252,0.578873
5244,4102252,0.578873
5245,4102252,0.578873
5246,4102252,0.578873
5247,4102252,0.578873
5248,4102252,0.578873
5249,4102252,0.578873
5250,4102252,0.578873
5251,4102252,0.578873
5252,4102252,0.578873
5253,4102252,0.578873
5254,4102252,0.578873
5255,4102252,0.578873
5256,4102252,0.578873
5257,4102252,0.578873
5258,4102252,0.578873
5259,4102252,0.578873
5260,4102252,0.578873
5261,4102252,0.578873
5262,4102252,0.578873
5263,4102252,0.578873
5264,4102252,0.578873
5265,4102252,0.578873
5266,4102252,0.578873
5267,4102252,0.578873
5268,4102252,0.578873
5269,4102252,0.578873
5270,4102252,0.578873
5271,4102252,0.578873
5272,4102252,0.578873
5273,4102252,0.578873
5274,4102252,0.578873
5275,4102252,0.578873
5276,4102252,0.578873
5277,4102252,0.578873
5278,4102252,0.578873
5279,4102252,0.578873
5280,4102252,0.578873
5281,4102252,0.578873
5282,4102252,0.578873
5283,4102252,0.578873
5284,4102252,0.578873
5285,4102252,0.578873
5286,4102252,0.578873
5287,4102252,0.578873
5288,4102252,0.578873
5289,4102252,0.578873
5290,4102252,0.578873
5291,4102252,0.578873
5292,4102252,0.578873
5293,4102252,0.578873
5294,4102252,0.578873
5295,4102252,0.578873
5296,4102252,0.578873
5297,4102252,0.578873
5298,4102252,0.578873
5299,4102252,0.578873
5300,4102252,0.578873
5301,4102252,0.578873
5302,4102252,0.578873
5303,4102252,0.578873
5304,4102252,0.578873
5305,4102252,0.578873
5306,4102252,0.578873
5307,4102252,0.578873
5308,4102252,0.578873
5309,4102252,0.578873
5310,4102252,0.578873
5311,4102252,0.578873
5312,4102252,0.578873
5313,4102252,0.578873
5314,4102252,0.578873
5315,4102252,0.578873
5316,4102252,0.578873
5317,4102252,0.578873
5318,4102252,0.578873
5319,4102252,0.578873
5320,4102252,0.578873
5321,4102252,0.578873
5322,4102252,0.578873
5323,4102252,0.578873
5324,4102252,0.578873
5325,4102252,0.578873
5326,4102252,0.578873
5327,4102252,0.578873
5328,4102252,0.578873
5329,4102252,0.578873
5330,4102252,0.578873
5331,4102252,0.578873
5332,4102252,0.578873
5333,4102252,0.578873
5334,4102252,0.578873
5335,4102252,0.578873
5336,4102252,0.578873
5337,4102252,0.578873
5338,4102252,0.578873
5339,4102252,0.578873
5340,4102252,0.578873
5341,4102252,0.578873
5342,4102252,0.578873
5343,4102252,0.578873
5344,4102252,0.578873
5345,4102252,0.578873
5346,4102252,0.578873
5347,4102252,0.578873
5348,4102252,0.578873
5349,4102252,0.578873
5350,4102252,0.578873
5351,4102252,0.578873
5352,4102252,0.578873
5353,4102252,0.578873
5354,4102252,0.578873
5355,4102252,0.578873
5356,4102252,0.578873
5357,4102252,0.578873
5358,4102252,0.578873
5359,4102252,0.578873
5360,4102252,0.578873
5361,4102252,0.578873
5362,4102252,0.578873
5363,4102252,0.578873
5364,4102252,0.578873
5365,4102252,0.578873
5366,4102252,0.578873
5367,4102252,0.578873
5368,4102252,0.578873
5369,4102252,0.578873
5370,4102252,0.578873
5371,4102252,0.578873
5372,4102252,0.578873
5373,4102252,0.578873
5374,4102252,0.578873
5375,4102252,0.578873
5376,4102252,0.578873
5377,4102252,0.578873
5378,4102252,0.578873
5379,4102252,0.578873
5380,4102252,0.578873
5381,4102252,0.578873
5382,4102252,0.578873
5383,4102252,0.578873
5384,4102252,0.578873
5385,4102252,0.578873
5386,4102252,0.578873
5387,4102252,0.578873
5388,4102252,0.578873
5389,4102252,0.578873
5390,4102252,0.578873
5391,4102252,0.578873
5392,4102252,0.578873
5393,4102252,0.578873
5394,4102252,0.578873
5395,4102252,0.578873
5396,4102252,0.578873
5397,4102252,0.578873
5398,4102252,0.578873
5399,4102252,0.578873
5400,4102252,0.578873
5401,4102252,0.578873
5402,4102252,0.578873
5403,4102252,0.578873
5404,4102252,0.578873
5405,4102252,0.578873
5406,4102252,0.578873
5407,4102252,0.578873
5408,4102252,0.578873
5409,4102252,0.578873
5410,4102252,0.578873
5411,4102252,0.578873
5412,4102252,0.578873
5413,4102252,0.578873
5414,4102252,0.578873
5415,4102252,0.578873
5416,4102252,0.578873
5417,4102252,0.578873
5418,4102252,0.578873
5419,4102252,0.578873
5420,4102252,0.578873
5421,4102252,0.578873
5422,4102252,0.578873
5423,4102252,0.578873
5424,4102252,0.578873
5425,4102252,0.578873
5426,4102252,0.578873
5427,4102252,0.578873
5428,4102252,0.578873
5429,4102252,0.578873
5430,4102252,0.578873
5431,4102252,0.578873
5432,4102252,0.578873
5433,4102252,0.578873
5434,4102252,0.578873
5435,4102252,0.578873
5436,4102252,0.578873
5437,4102252,0.578873
5438,4102252,0.578873
5439,4102252,0.578873
5440,4102252,0.578873
5441,4102252,0.578873
5442,4102252,0.578873
5443,4102252,0.578873
5444,4102252,0.578873
5445,4102252,0.578873
5446,4102252,0.578873
5447,4102252,0.578873
5448,4102252,0.578873
5449,4102252,0.578873
5450,4102252,0.578873
5451,4102252,0.578873
5452,4102252,0.578873
5453,4102252,0.578873
5454,4102252,0.578873
5455,4102252,0.578873
5456,4102252,0.578873
5457,4102252,0.578873
5458,4102252,0.578873
5459,4102252,0.578873
5460,4102252,0.578873
5461,4102252,0.578873
5462,4102252,0.578873
5463,4102252,0.578873
5464,4102252,0.578873
5465,4102252,0.578873
5466,4102252,0.578873
5467,4102252,0.578873
5468,4102252,0.578873
5469,4102252,0.578873
5470,4102252,0.578873
5471,4102252,0.578873
5472,4102252,0.578873
5473,4102252,0.578873
5474,4102252,0.578873
5475,4102252,0.578873
5476,4102252,0.578873
5477,4102252,0.578873
5478,4102252,0.578873
5479,4102252,0.578873
5480,4102252,0.578873
5481,4102252,0.578873
5482,4102252,0.578873
5483,4102252,0.578873
5484,4102252,0.578873
5485,4102252,0.578873
5486,4102252,0.578873
5487,4102252,0.578873
5488,4102252,0.578873
5489,4102252,0.578873
5490,4102252,0.578873
5491,4102252,0.578873
5492,4102252,0.578873
5493,4102252,0.578873
5494,4102252,0.578873
5495,4102252,0.578873
5496,4102252,0.578873
5497,4102252,0.578873
5498,4102252,0.578873
5499,4102252,0.578873
5500,4102252,0.578873
5501,4102252,0.578873
5502,4102252,0.578873
5503,4102252,0.578873
5504,4102252,0.578873
5505,4102252,0.578873
5506,4102252,0.578873
5507,4102252,0.578873
5508,4102252,0.578873
5509,4102252,0.578873
5510,4102252,0.578873
5511,4102252,0.578873
5512,4102252,0.578873
5513,4102252,0.578873
5514,4102252,0.578873
5515,4102252,0.578873
5516,4102252,0.578873
5517,4102252,0.578873
5518,4102252,0.578873
5519,4102252,0.578873
5520,4102252,0.578873
5521,4102252,0.578873
5522,4102252,0.578873
5523,4102252,0.578873
5524,4102252,0.578873
5525,4102252,0.578873
5526,4102252,0.578873
5527,4102252,0.578873
5528,4102252,0.578873
5529,4102252,0.578873
5530,4102252,0.578873
5531,4102252,0.578873
5532,4102252,0.578873
5533,4102252,0.578873
5534,4102252,0.578873
5535,4102252,0.578873
5536,4102252,0.578873
5537,4102252,0.578873
5538,4102252,0.578873
5539,4102252,0.578873
5540,4102252,0.578873
5541,4102252,0.578873
5542,4102252,0.578873
5543,4102252,0.578873
5544,4102252,0.578873
5545,4102252,0.578873
5546,4102252,0.578873
5547,4102252,0.578873
5548,4102252,0.578873
5549,4102252,0.578873
5550,4102252,0.578873
5551,4102252,0.578873
5552,4102252,0.578873
5553,4102252,0.578873
5554,4102252,0.578873
5555,4102252,0.578873
5556,4102252,0.578873
5557,4102252,0.578873
5558,4102252,0.578873
5559,4102252,0.578873
5560,4102252,0.578873
5561,4102252,0.578873
5562,4102252,0.578873
5563,4102252,0.578873
5564,4102252,0.578873
5565,4102252,0.578873
5566,4102252,0.578873
5567,4102252,0.578873
5568,4102252,0.578873
5569,4102252,0.578873
5570,4102252,0.578873
5571,4102252,0.578873
5572,4102252,0.578873
5573,4102252,0.578873
5574,4102252,0.578873
5575,4102252,0.578873
5576,4102252,0.578873
5577,4102252,0.578873
5578,4102252,0.578873
5579,4102252,0.578873
5580,4102252,0.578873
5581,4102252,0.578873
5582,4102252,0.578873
5583,4102252,0.578873
5584,4102252,0.578873
5585,4102252,0.578873
5586,4102252,0.578873
5587,4102252,0.578873
5588,4102252,0.578873
5589,4102252,0.578873
5590,4102252,0.578873
5591,4102252,0.578873
5592,4102252,0.578873
5593,4102252,0.578873
5594,4102252,0.578873
5595,4102252,0.578873
5596,4102252,0.578873
5597,4102252,0.578873
5598,4102252,0.578873
5599,4102252,0.578873
5600,4102252,0.578873
5601,4102252,0.578873
5602,4102252,0.578873
5603,4102252,0.578873
5604,4102252,0.578873
5605,4102252,0.578873
5606,4102252,0.578873
5607,4102252,0.578873
5608,4102252,0.578873
5609,4102252,0.578873
5610,4102252,0.578873
5611,4102252,0.578873
5612,4102252,0.578873
5613,4102252,0.578873
5614,4102252,0.578873
5615,4102252,0.578873
5616,4102252,0.578873
5617,4102252,0.578873
5618,4102252,0.578873
5619,4102252,0.578873
5620,4102252,0.578873
5621,4102252,0.578873
5622,4102252,0.578873
5623,4102252,0.578873
5624,4102252,0.578873
5625,4102252,0.578873
5626,4102252,0.578873
5627,4102252,0.578873
5628,4102252,0.578873
5629,4102252,0.578873
5630,4102252,0.578873
5631,4102252,0.578873
5632,4102252,0.578873
5633,4102252,0.578873
5634,4102252,0.578873
5635,4102252,0.578873
5636,4102252,0.578873
5637,4102252,0.578873
5638,4102252,0.578873
5639,4102252,0.578873
5640,4102252,0.578873
5641,4102252,0.578873
5642,4102252,0.578873
5643,4102252,0.578873
5644,4102252,0.578873
5645,4102252,0.578873
5646,4102252,0.578873
5647,4102252,0.578873
5648,4102252,0.578873
5649,4102252,0.578873
5650,4102252,0.578873
5651,4102252,0.578873
5652,4102252,0.578873
5653,4102252,0.578873
5654,4102252,0.578873
5655,4102252,0.578873
5656,4102252,0.578873
5657,4102252,0.578873
5658,4102252,0.578873
5659,4102252,0.578873
5660,4102252,0.578873
5661,4102252,0.578873
5662,4102252,0.578873
5663,4102252,0.578873
5664,4102252,0.578873
5665,4102252,0.578873
5666,4102252,0.578873
5667,4102252,0.578873
5668,4102252,0.578873
5669,4102252,0.578873
5670,4102252,0.578873
5671,4102252,0.578873
5672,4102252,0.578873
5673,4102252,0.578873
5674,4102252,0.578873
5675,4102252,0.578873
5676,4102252,0.578873
5677,4102252,0.578873
5678,4102252,0.578873
5679,4102252,0.578873
5680,4102252,0.578873
5681,4102252,0.578873
5682,4102252,0.578873
5683,4102252,0.578873
5684,4102252,0.578873
5685,4102252,0.578873
5686,4102252,0.578873
5687,4102252,0.578873
5688,4102252,0.578873
5689,4102252,0.578873
5690,4102252,0.578873
5691,4102252,0.578873
5692,4102252,0.578873
5693,4102252,0.578873
5694,4102252,0.578873
5695,4102252,0.578873
5696,4102252,0.578873
5697,4102252,0.578873
5698,4102252,0.578873
5699,4102252,0.578873
5700,4102252,0.578873
5701,4102252,0.578873
5702,4102252,0.578873
5703,4102252,0.578873
5704,4102252,0.578873
5705,4102252,0.578873
5706,4102252,0.578873
5707,4102252,0.578873
5708,4102252,0.578873
5709,4102252,0.578873
5710,4102252,0.578873
5711,4102252,0.578873
5712,4102252,0.578873
5713,4102252,0.578873
5714,4102252,0.578873
5715,4102252,0.578873
5716,4102252,0.578873
5717,4102252,0.578873
5718,4102252,0.578873
5719,4102252,0.578873
5720,4102252,0.578873
5721,4102252,0.578873
5722,4102252,0.578873
5723,4102252,0.578873
5724,4102252,0.578873
5725,4102252,0.578873
5726,4102252,0.578873
5727,4102252,0.578873
5728,4102252,0.578873
5729,4102252,0.578873
5730,4102252,0.578873
5731,4102252,0.578873
5732,4102252,0.578873
5733,4102252,0.578873
5734,4102252,0.578873
5735,4102252,0.578873
5736,4102252,0.578873
5737,4102252,0.578873
5738,4102252,0.578873
5739,4102252,0.578873
5740,4102252,0.578873
5741,4102252,0.578873
5742,4102252,0.578873
5743,4102252,0.578873
5744,4102252,0.578873
5745,4102252,0.578873
5746,4102252,0.578873
5747,4102252,0.578873
5748,4102252,0.578873
5749,4102252,0.578873
5750,4102252,0.578873
5751,4102252,0.578873
5752,4102252,0.578873
5753,4102252,0.578873
5754,4102252,0.578873
5755,4102252,0.578873
5756,4102252,0.578873
5757,4102252,0.578873
5758,4102252,0.578873
5759,4102252,0.578873
5760,4102252,0.578873
5761,4102252,0.578873
5762,4102252,0.578873
5763,4102252,0.578873
5764,4102252,0.578873
5765,4102252,0.578873
5766,4102252,0.578873
5767,4102252,0.578873
5768,4102252,0.578873
5769,4102252,0.578873
5770,4102252,0.578873
5771,4102252,0.578873
5772,4102252,0.578873
5773,4102252,0.578873
5774,4102252,0.578873
5775,4102252,0.578873
5776,4102252,0.578873
5777,4102252,0.578873
5778,4102252,0.578873
5779,4102252,0.578873
5780,4102252,0.578873
5781,4102252,0.578873
5782,4102252,0.578873
5783,4102252,0.578873
5784,4102252,0.578873
5785,4102252,0.578873
5786,4102252,0.578873
5787,4102252,0.578873
5788,4102252,0.578873
5789,4102252,0.578873
5790,4102252,0.578873
5791,4102252,0.578873
5792,4102252,0.578873
5793,4102252,0.578873
5794,4102252,0.578873
5795,4102252,0.578873
5796,4102252,0.578873
5797,4102252,0.578873
5798,4102252,0.578873
5799,4102252,0.578873
5800,4102252,0.578873
5801,4102252,0.578873
5802,4102252,0.578873
5803,4102252,0.578873
5804,4102252,0.578873
5805,4102252,0.578873
5806,4102252,0.578873
5807,4102252,0.578873
5808,4102252,0.578873
5809,4102252,0.578873
5810,4102252,0.578873
5811,4102252,0.578873
5812,4102252,0.578873
5813,4102252,0.578873
5814,4102252,0.578873
5815,4102252,0.578873
5816,4102252,0.578873
5817,4102252,0.578873
5818,4102252,0.578873
5819,4102252,0.578873
5820,4102252,0.578873
5821,4102252,0.578873
5822,4102252,0.578873
5823,4102252,0.578873
5824,4102252,0.578873
5825,4102252,0.578873
5826,4102252,0.578873
5827,4102252,0.578873
5828,4102252,0.578873
5829,4102252,0.578873
5830,4102252,0.578873
5831,4102252,0.578873
5832,4102252,0.578873
5833,4102252,0.578873
5834,4102252,0.578873
5835,4102252,0.578873
5836,4102252,0.578873
5837,4102252,0.578873
5838,4102252,0.578873
5839,4102252,0.578873
5840,4102252,0.578873
5841,4102252,0.578873
5842,4102252,0.578873
5843,4102252,0.578873
5844,4102252,0.578873
5845,4102252,0.578873
5846,4102252,0.578873
5847,4102252,0.578873
5848,4102252,0.578873
5849,4102252,0.578873
5850,4102252,0.578873
5851,4102252,0.578873
5852,4102252,0.578873
5853,4102252,0.578873
5854,4102252,0.578873
5855,4102252,0.578873
5856,4102252,0.578873
5857,4102252,0.578873
5858,4102252,0.578873
5859,4102252,0.578873
5860,4102252,0.578873
5861,4102252,0.578873
5862,4102252,0.578873
5863,4102252,0.578873
5864,4102252,0.578873
5865,4102252,0.578873
5866,4102252,0.578873
5867,4102252,0.578873
5868,4102252,0.578873
5869,4102252,0.578873
5870,4102252,0.578873
5871,4102252,0.578873
5872,4102252,0.578873
5873,4102252,0.578873
5874,4102252,0.578873
5875,4102252,0.578873
5876,4102252,0.578873
5877,4102252,0.578873
5878,4102252,0.578873
5879,4102252,0.578873
5880,4102252,0.578873
5881,4102252,0.578873
5882,4102252,0.578873
5883,4102252,0.578873
5884,4102252,0.578873
5885,4102252,0.578873
5886,4102252,0.578873
5887,4102252,0.578873
5888,4102252,0.578873
5889,4102252,0.578873
5890,4102252,0.578873
5891,4102252,0.578873
5892,4102252,0.578873
5893,4102252,0.578873
5894,4102252,0.578873
5895,4102252,0.578873
5896,4102252,0.578873
5897,4102252,0.578873
5898,4102252,0.578873
5899,4102252,0.578873
5900,4102252,0.578873
5901,4102252,0.578873
5902,4102252,0.578873
5903,4102252,0.578873
5904,4102252,0.578873
5905,4102252,0.578873
5906,4102252,0.578873
5907,4102252,0.578873
5908,4102252,0.578873
5909,4102252,0.578873
5910,4102252,0.578873
5911,4102252,0.578873
5912,4102252,0.578873
5913,4102252,0.578873
5914,4102252,0.578873
5915,4102252,0.578873
5916,4102252,0.578873
5917,4102252,0.578873
5918,4102252,0.578873
5919,4102252,0.578873
5920,4102252,0.578873
5921,4102252,0.578873
5922,4102252,0.578873
5923,4102252,0.578873
5924,4102252,0.578873
5925,4102252,0.578873
5926,4102252,0.578873
5927,4102252,0.578873
5928,4102252,0.578873
5929,4102252,0.578873
5930,4102252,0.578873
5931,4102252,0.578873
5932,4102252,0.578873
5933,4102252,0.578873
5934,4102252,0.578873
5935,4102252,0.578873
5936,4102252,0.578873
5937,4102252,0.578873
5938,4102252,0.578873
5939,4102252,0.578873
5940,4102252,0.578873
5941,4102252,0.578873
5942,4102252,0.578873
5943,4102252,0.578873
5944,4102252,0.578873
5945,4102252,0.578873
5946,4102252,0.578873
5947,4102252,0.578873
5948,4102252,0.578873
5949,4102252,0.578873
5950,4102252,0.578873
5951,4102252,0.578873
5952,4102252,0.578873
5953,4102252,0.578873
5954,4102252,0.578873
5955,4102252,0.578873
5956,4102252,0.578873
5957,4102252,0.578873
5958,4102252,0.578873
5959,4102252,0.578873
5960,4102252,0.578873
5961,4102252,0.578873
5962,4102252,0.578873
5963,4102252,0.578873
5964,4102252,0.578873
5965,4102252,0.578873
5966,4102252,0.578873
5967,4102252,0.578873
5968,4102252,0.578873
5969,4102252,0.578873
5970,4102252,0.578873
5971,4102252,0.578873
5972,4102252,0.578873
5973,4102252,0.578873
5974,4102252,0.578873
5975,4102252,0.578873
5976,4102252,0.578873
5977,4102252,0.578873
5978,4102252,0.578873
5979,4102252,0.578873
5980,4102252,0.578873
5981,4102252,0.578873
5982,4102252,0.578873
5983,4102252,0.578873
5984,4102252,0.578873
5985,4102252,0.578873
5986,4102252,0.578873
5987,4102252,0.578873
5988,4102252,0.578873
5989,4102252,0.578873
5990,4102252,0.578873
5991,4102252,0.578873
5992,4102252,0.578873
5993,4102252,0.578873
5994,4102252,0.578873
5995,4102252,0.578873
5996,4102252,0.578873
5997,4102252,0.578873
5998,4102252,0.578873
5999,4102252,0.578873
6000,4102252,0.578873
6001,4102252,0.578873
6002,4102252,0.578873
6003,4102252,0.578873
6004,4102252,0.578873
6005,4102252,0.578873
6006,4102252,0.578873
6007,4102252,0.578873
6008,4102252,0.578873
6009,4102252,0.578873
6010,4102252,0.578873
6011,4102252,0.578873
6012,4102252,0.578873
6013,4102252,0.578873
6014,4102252,0.578873
6015,4102252,0.578873
6016,4102252,0.578873
6017,4102252,0.578873
6018,4102252,0.578873
6019,4102252,0.578873
6020,4102252,0.578873
6021,4102252,0.578873
6022,4102252,0.578873
6023,4102252,0.578873
6024,4102252,0.578873
6025,4102252,0.578873
6026,4102252,0.578873
6027,4102252,0.578873
6028,4102252,0.578873
6029,4102252,0.578873
6030,4102252,0.578873
6031,4102252,0.578873
6032,4102252,0.578873
6033,4102252,0.578873
6034,4102252,0.578873
6035,4102252,0.578873
6036,4102252,0.578873
6037,4102252,0.578873
6038,4102252,0.578873
6039,4102252,0.578873
6040,4102252,0.578873
6041,4102252,0.578873
6042,4102252,0.578873
6043,4102252,0.578873
6044,4102252,0.578873
6045,4102252,0.578873
6046,4102252,0.578873
6047,4102252,0.578873
6048,4102252,0.578873
6049,4102252,0.578873
6050,4102252,0.578873
6051,4102252,0.578873
6052,4102252,0.578873
6053,4102252,0.578873
6054,4102252,0.578873
6055,4102252,0.578873
6056,4102252,0.578873
6057,4102252,0.578873
6058,4102252,0.578873
6059,4102252,0.578873
6060,4102252,0.578873
6061,4102252,0.578873
6062,4102252,0.578873
6063,4102252,0.578873
6064,4102252,0.578873
6065,4102252,0.578873
6066,4102252,0.578873
6067,4102252,0.578873
6068,4102252,0.578873
6069,4102252,0.578873
6070,4102252,0.578873
6071,4102252,0.578873
6072,4102252,0.578873
6073,4102252,0.578873
6074,4102252,0.578873
6075,4102252,0.578873
6076,4102252,0.578873
6077,4102252,0.578873
6078,4102252,0.578873
6079,4102252,0.578873
6080,4102252,0.578873
6081,4102252,0.578873
6082,4102252,0.578873
6083,4102252,0.578873
6084,4102252,0.578873
6085,4102252,0.578873
6086,4102252,0.578873
6087,4102252,0.578873
6088,4102252,0.578873
6089,4102252,0.578873
6090,4102252,0.578873
6091,4102252,0.578873
6092,4102252,0.578873
6093,4102252,0.578873
6094,4102252,0.578873
6095,4102252,0.578873
6096,4102252,0.578873
6097,4102252,0.578873
6098,4102252,0.578873
6099,4102252,0.578873
6100,4102252,0.578873
6101,4102252,0.578873
6102,4102252,0.578873
6103,4102252,0.578873
6104,4102252,0.578873
6105,4102252,0.578873
6106,4102252,0.578873
6107,4102252,0.578873
6108,4102252,0.578873
6109,4102252,0.578873
6110,4102252,0.578873
6111,4102252,0.578873
6112,4102252,0.578873
6113,4102252,0.578873
6114,4102252,0.578873
6115,4102252,0.578873
6116,4102252,0.578873
6117,4102252,0.578873
6118,4102252,0.578873
6119,4102252,0.578873
6120,4102252,0.578873
6121,4102252,0.578873
6122,4102252,0.578873
6123,4102252,0.578873
6124,4102252,0.578873
6125,4102252,0.578873
6126,4102252,0.578873
6127,4102252,0.578873
6128,4102252,0.578873
6129,4102252,0.578873
6130,4102252,0.578873
6131,4102252,0.578873
6132,4102252,0.578873
6133,4102252,0.578873
6134,4102252,0.578873
6135,4102252,0.578873
6136,4102252,0.578873
6137,4102252,0.578873
6138,4102252,0.578873
6139,4102252,0.578873
6140,4102252,0.578873
6141,4102252,0.578873
6142,4102252,0.578873
6143,4102252,0.578873
6144,4102252,0.578873
6145,4102252,0.578873
6146,4102252,0.578873
6147,4102252,0.578873
6148,4102252,0.578873
6149,4102252,0.578873
6150,4102252,0.578873
6151,4102252,0.578873
6152,4102252,0.578873
6153,4102252,0.578873
6154,4102252,0.578873
6155,4102252,0.578873
6156,4102252,0.578873
6157,4102252,0.578873
6158,4102252,0.578873
6159,4102252,0.578873
6160,4102252,0.578873
6161,4102252,0.578873
6162,4102252,0.578873
6163,4102252,0.578873
6164,4102252,0.578873
6165,4102252,0.578873
6166,4102252,0.578873
6167,4102252,0.578873
6168,4102252,0.578873
6169,4102252,0.578873
6170,4102252,0.578873
6171,4102252,0.578873
6172,4102252,0.578873
6173,4102252,0.578873
6174,4102252,0.578873
6175,4102252,0.578873
6176,4102252,0.578873
6177,4102252,0.578873
6178,4102252,0.578873
6179,4102252,0.578873
6180,4102252,0.578873
6181,4102252,0.578873
6182,4102252,0.578873
6183,4102252,0.578873
6184,4102252,0.578873
6185,4102252,0.578873
6186,4102252,0.578873
6187,4102252,0.578873
6188,4102252,0.578873
6189,4102252,0.578873
6190,4102252,0.578873
6191,4102252,0.578873
6192,4102252,0.578873
6193,4102252,0.578873
6194,4102252,0.578873
6195,4102252,0.578873
6196,4102252,0.578873
6197,4102252,0.578873
6198,4102252,0.578873
6199,4102252,0.578873
6200,4102252,0.578873
6201,4102252,0.578873
6202,4102252,0.578873
6203,4102252,0.578873
6204,4102252,0.578873
6205,4102252,0.578873
6206,4102252,0.578873
6207,4102252,0.578873
6208,4102252,0.578873
6209,4102252,0.578873
6210,4102252,0.578873
6211,4102252,0.578873
6212,4102252,0.578873
6213,4102252,0.578873
6214,4102252,0.578873
6215,4102252,0.578873
6216,4102252,0.578873
6217,4102252,0.578873
6218,4102252,0.578873
6219,4102252,0.578873
6220,4102252,0.578873
6221,4102252,0.578873
6222,4102252,0.578873
6223,4102252,0.578873
6224,4102252,0.578873
6225,4102252,0.578873
6226,4102252,0.578873
6227,4102252,0.578873
6228,4102252,0.578873
6229,4102252,0.578873
6230,4102252,0.578873
6231,4102252,0.578873
6232,4102252,0.578873
6233,4102252,0.578873
6234,4102252,0.578873
6235,4102252,0.578873
6236,4102252,0.578873
6237,4102252,0.578873
6238,4102252,0.578873
6239,4102252,0.578873
6240,4102252,0.578873
6241,4102252,0.578873
6242,4102252,0.578873
6243,4102252,0.578873
6244,4102252,0.578873
6245,4102252,0.578873
6246,4102252,0.578873
6247,4102252,0.578873
6248,4102252,0.578873
6249,4102252,0.578873
6250,4102252,0.578873
6251,4102252,0.578873
6252,4102252,0.578873
6253,4102252,0.578873
6254,4102252,0.578873
6255,4102252,0.578873
6256,4102252,0.578873
6257,4102252,0.578873
6258,4102252,0.578873
6259,4102252,0.578873
6260,4102252,0.578873
6261,4102252,0.578873
6262,4102252,0.578873
6263,4102252,0.578873
6264,4102252,0.578873
6265,4102252,0.578873
6266,4102252,0.578873
6267,4102252,0.578873
6268,4102252,0.578873
6269,4102252,0.578873
6270,4102252,0.578873
6271,4102252,0.578873
6272,4102252,0.578873
6273,4102252,0.578873
6274,4102252,0.578873
6275,4102252,0.578873
6276,4102252,0.578873
6277,4102252,0.578873
6278,4102252,0.578873
6279,4102252,0.578873
6280,4102252,0.578873
6281,4102252,0.578873
6282,4102252,0.578873
6283,4102252,0.578873
6284,4102252,0.578873
6285,4102252,0.578873
6286,4102252,0.578873
6287,4102252,0.578873
6288,4102252,0.578873
6289,4102252,0.578873
6290,4102252,0.578873
6291,4102252,0.578873
6292,4102252,0.578873
6293,4102252,0.578873
6294,4102252,0.578873
6295,4102252,0.578873
6296,4102252,0.578873
6297,4102252,0.578873
6298,4102252,0.578873
6299,4102252,0.578873
6300,4102252,0.578873
6301,4102252,0.578873
6302,4102252,0.578873
6303,4102252,0.578873
6304,4102252,0.578873
6305,4102252,0.578873
6306,4102252,0.578873
6307,4102252,0.578873
6308,4102252,0.578873
6309,4102252,0.578873
6310,4102252,0.578873
6311,4102252,0.578873
6312,4102252,0.578873
6313,4102252,0.578873
6314,4102252,0.578873
6315,4102252,0.578873
6316,4102252,0.578873
6317,4102252,0.578873
6318,4102252,0.578873
6319,4102252,0.578873
6320,4102252,0.578873
6321,4102252,0.578873
6322,4102252,0.578873
6323,4102252,0.578873
6324,4102252,0.578873
6325,4102252,0.578873
6326,4102252,0.578873
6327,4102252,0.578873
6328,4102252,0.578873
6329,4102252,0.578873
6330,4102252,0.578873
6331,4102252,0.578873
6332,4102252,0.578873
6333,4102252,0.578873
6334,4102252,0.578873
6335,4102252,0.578873
6336,4102252,0.578873
6337,4102252,0.578873
6338,4102252,0.578873
6339,4102252,0.578873
6340,4102252,0.578873
6341,4102252,0.578873
6342,4102252,0.578873
6343,4102252,0.578873
6344,4102252,0.578873
6345,4102252,0.578873
6346,4102252,0.578873
6347,4102252,0.578873
6348,4102252,0.578873
6349,4102252,0.578873
6350,4102252,0.578873
6351,4102252,0.578873
6352,4102252,0.578873
6353,4102252,0.578873
6354,4102252,0.578873
6355,4102252,0.578873
6356,4102252,0.578873
6357,4102252,0.578873
6358,4102252,0.578873
6359,4102252,0.578873
6360,4102252,0.578873
6361,4102252,0.578873
6362,4102252,0.578873
6363,4102252,0.578873
6364,4102252,0.578873
6365,4102252,0.578873
6366,4102252,0.578873
6367,4102252,0.578873
6368,4102252,0.578873
6369,4102252,0.578873
6370,4102252,0.578873
6371,4102252,0.578873
6372,4102252,0.578873
6373,4102252,0.578873
6374,4102252,0.578873
6375,4102252,0.578873
6376,4102252,0.578873
6377,4102252,0.578873
6378,4102252,0.578873
6379,4102252,0.578873
6380,4102252,0.578873
6381,4102252,0.578873
6382,4102252,0.578873
6383,4102252,0.578873
6384,4102252,0.578873
6385,4102252,0.578873
6386,4102252,0.578873
6387,4102252,0.578873
6388,4102252,0.578873
6389,4102252,0.578873
6390,4102252,0.578873
6391,4102252,0.578873
6392,4102252,0.578873
6393,4102252,0.578873
6394,4102252,0.578873
6395,4102252,0.578873
6396,4102252,0.578873
6397,4102252,0.578873
6398,4102252,0.578873
6399,4102252,0.578873
6400,4102252,0.578873
6401,4102252,0.578873
6402,4102252,0.578873
6403,4102252,0.578873
6404,4102252,0.578873
6405,4102252,0.578873
6406,4102252,0.578873
6407,4102252,0.578873
6408,4102252,0.578873
6409,4102252,0.578873
6410,4102252,0.578873
6411,4102252,0.578873
6412,4102252,0.578873
6413,4102252,0.578873
6414,4102252,0.578873
6415,4102252,0.578873
6416,4102252,0.578873
6417,4102252,0.578873
6418,4102252,0.578873
6419,4102252,0.578873
6420,4102252,0.578873
6421,4102252,0.578873
6422,4102252,0.578873
6423,4102252,0.578873
6424,4102252,0.578873
6425,4102252,0.578873
6426,4102252,0.578873
6427,4102252,0.578873
6428,4102252,0.578873
6429,4102252,0.578873
6430,4102252,0.578873
6431,4102252,0.578873
6432,4102252,0.578873
6433,4102252,0.578873
6434,4102252,0.578873
6435,4102252,0.578873
6436,4102252,0.578873
6437,4102252,0.578873
6438,4102252,0.578873
6439,4102252,0.578873
6440,4102252,0.578873
6441,4102252,0.578873
6442,4102252,0.578873
6443,4102252,0.578873
6444,4102252,0.578873
6445,4102252,0.578873
6446,4102252,0.578873
6447,4102252,0.578873
6448,4102252,0.578873
6449,4102252,0.578873
6450,4102252,0.578873
6451,4102252,0.578873
6452,4102252,0.578873
6453,4102252,0.578873
6454,4102252,0.578873
6455,4102252,0.578873
6456,4102252,0.578873
6457,4102252,0.578873
6458,4102252,0.578873
6459,4102252,0.578873
6460,4102252,0.578873
6461,4102252,0.578873
6462,4102252,0.578873
6463,4102252,0.578873
6464,4102252,0.578873
6465,4102252,0.578873
6466,4102252,0.578873
6467,4102252,0.578873
6468,4102252,0.578873
6469,4102252,0.578873
6470,4102252,0.578873
6471,4102252,0.578873
6472,4102252,0.578873
6473,4102252,0.578873
6474,4102252,0.578873
6475,4102252,0.578873
6476,4102252,0.578873
6477,4102252,0.578873
6478,4102252,0.578873
6479,4102252,0.578873
6480,4102252,0.578873
6481,4102252,0.578873
6482,4102252,0.578873
6483,4102252,0.578873
6484,4102252,0.578873
6485,4102252,0.578873
6486,4102252,0.578873
6487,4102252,0.578873
6488,4102252,0.578873
6489,4102252,0.578873
6490,4102252,0.578873
6491,4102252,0.578873
6492,4102252,0.578873
6493,4102252,0.578873
6494,4102252,0.578873
6495,4102252,0.578873
6496,4102252,0.578873
6497,4102252,0.578873
6498,4102252,0.578873
6499,4102252,0.578873
6500,4102252,0.578873
6501,4102252,0.578873
6502,4102252,0.578873
6503,4102252,0.578873
6504,4102252,0.578873
6505,4102252,0.578873
6506,4102252,0.578873
6507,4102252,0.578873
6508,4102252,0.578873
6509,4102252,0.578873
6510,4102252,0.578873
6511,4102252,0.578873
6512,4102252,0.578873
6513,4102252,0.578873
6514,4102252,0.578873
6515,4102252,0.578873
6516,4102252,0.578873
6517,4102252,0.578873
6518,4102252,0.578873
6519,4102252,0.578873
6520,4102252,0.578873
6521,4102252,0.578873
6522,4102252,0.578873
6523,4102252,0.578873
6524,4102252,0.578873
6525,4102252,0.578873
6526,4102252,0.578873
6527,4102252,0.578873
6528,4102252,0.578873
6529,4102252,0.578873
6530,4102252,0.578873
6531,4102252,0.578873
6532,4102252,0.578873
6533,4102252,0.578873
6534,4102252,0.578873
6535,4102252,0.578873
6536,4102252,0.578873
6537,4102252,0.578873
6538,4102252,0.578873
6539,4102252,0.578873
6540,4102252,0.578873
6541,4102252,0.578873
6542,4102252,0.578873
6543,4102252,0.578873
6544,4102252,0.578873
6545,4102252,0.578873
6546,4102252,0.578873
6547,4102252,0.578873
6548,4102252,0.578873
6549,4102252,0.578873
6550,4102252,0.578873
6551,4102252,0.578873
6552,4102252,0.578873
6553,4102252,0.578873
6554,4102252,0.578873
6555,4102252,0.578873
6556,4102252,0.578873
6557,4102252,0.578873
6558,4102252,0.578873
6559,4102252,0.578873
6560,4102252,0.578873
6561,4102252,0.578873
6562,4102252,0.578873
6563,4102252,0.578873
6564,4102252,0.578873
6565,4102252,0.578873
6566,4102252,0.578873
6567,4102252,0.578873
6568,4102252,0.578873
6569,4102252,0.578873
6570,4102252,0.578873
6571,4102252,0.578873
6572,4102252,0.578873
6573,4102252,0.578873
6574,4102252,0.578873
6575,4102252,0.578873
6576,4102252,0.578873
6577,4102252,0.578873
6578,4102252,0.578873
6579,4102252,0.578873
6580,4102252,0.578873
6581,4102252,0.578873
6582,4102252,0.578873
6583,4102252,0.578873
6584,4102252,0.578873
6585,4102252,0.578873
6586,4102252,0.578873
6587,4102252,0.578873
6588,4102252,0.578873
6589,4102252,0.578873
6590,4102252,0.578873
6591,4102252,0.578873
6592,4102252,0.578873
6593,4102252,0.578873
6594,4102252,0.578873
6595,4102252,0.578873
6596,4102252,0.578873
6597,4102252,0.578873
6598,4102252,0.578873
6599,4102252,0.578873
6600,4102252,0.578873
6601,4102252,0.578873
6602,4102252,0.578873
6603,4102252,0.578873
6604,4102252,0.578873
6605,4102252,0.578873
6606,4102252,0.578873
6607,4102252,0.578873
6608,4102252,0.578873
6609,4102252,0.578873
6610,4102252,0.578873
6611,4102252,0.578873
6612,4102252,0.578873
6613,4102252,0.578873
6614,4102252,0.578873
6615,4102252,0.578873
6616,4102252,0.578873
6617,4102252,0.578873
6618,4102252,0.578873
6619,4102252,0.578873
6620,4102252,0.578873
6621,4102252,0.578873
6622,4102252,0.578873
6623,4102252,0.578873
6624,4102252,0.578873
6625,4102252,0.578873
6626,4102252,0.578873
6627,4102252,0.578873
6628,4102252,0.578873
6629,4102252,0.578873
6630,4102252,0.578873
6631,4102252,0.578873
6632,4102252,0.578873
6633,4102252,0.578873
6634,4102252,0.578873
6635,4102252,0.578873
6636,4102252,0.578873
6637,4102252,0.578873
6638,4102252,0.578873
6639,4102252,0.578873
6640,4102252,0.578873
6641,4102252,0.578873
6642,4102252,0.578873
6643,4102252,0.578873
6644,4102252,0.578873
6645,4102252,0.578873
6646,4102252,0.578873
6647,4102252,0.578873
6648,4102252,0.578873
6649,4102252,0.578873
6650,4102252,0.578873
6651,4102252,0.578873
6652,4102252,0.578873
6653,4102252,0.578873
6654,4102252,0.578873
6655,4102252,0.578873
6656,4102252,0.578873
6657,4102252,0.578873
6658,4102252,0.578873
6659,4102252,0.578873
6660,4102252,0.578873
6661,4102252,0.578873
6662,4102252,0.578873
6663,4102252,0.578873
6664,4102252,0.578873
6665,4102252,0.578873
6666,4102252,0.578873
6667,4102252,0.578873
6668,4102252,0.578873
6669,4102252,0.578873
6670,4102252,0.578873
6671,4102252,0.578873
6672,4102252,0.578873
6673,4102252,0.578873
6674,4102252,0.578873
6675,4102252,0.578873
6676,4102252,0.578873
6677,4102252,0.578873
6678,4102252,0.578873
6679,4102252,0.578873
6680,4102252,0.578873
6681,4102252,0.578873
6682,4102252,0.578873
6683,4102252,0.578873
6684,4102252,0.578873
6685,4102252,0.578873
6686,4102252,0.578873
6687,4102252,0.578873
6688,4102252,0.578873
6689,4102252,0.578873
6690,4102252,0.578873
6691,4102252,0.578873
6692,4102252,0.578873
6693,4102252,0.578873
6694,4102252,0.578873
6695,4102252,0.578873
6696,4102252,0.578873
6697,4102252,0.578873
6698,4102252,0.578873
6699,4102252,0.578873
6700,4102252,0.578873
6701,4102252,0.578873
6702,4102252,0.578873
6703,4102252,0.578873
6704,4102252,0.578873
6705,4102252,0.578873
6706,4102252,0.578873
6707,4102252,0.578873
6708,4102252,0.578873
6709,4102252,0.578873
6710,4102252,0.578873
6711,4102252,0.578873
6712,4102252,0.578873
6713,4102252,0.578873
6714,4102252,0.578873
6715,4102252,0.578873
6716,4102252,0.578873
6717,4102252,0.578873
6718,4102252,0.578873
6719,4102252,0.578873
6720,4102252,0.578873
6721,4102252,0.578873
6722,4102252,0.578873
6723,4102252,0.578873
6724,4102252,0.578873
6725,4102252,0.578873
6726,4102252,0.578873
6727,4102252,0.578873
6728,4102252,0.578873
6729,4102252,0.578873
6730,4102252,0.578873
6731,4102252,0.578873
6732,4102252,0.578873
6733,4102252,0.578873
6734,4102252,0.578873
6735,4102252,0.578873
6736,4102252,0.578873
6737,4102252,0.578873
6738,4102252,0.578873
6739,4102252,0.578873
6740,4102252,0.578873
6741,4102252,0.578873
6742,4102252,0.578873
6743,4102252,0.578873
6744,4102252,0.578873
6745,4102252,0.578873
6746,4102252,0.578873
6747,4102252,0.578873
6748,4102252,0.578873
6749,4102252,0.578873
6750,4102252,0.578873
6751,4102252,0.578873
6752,4102252,0.578873
6753,4102252,0.578873
6754,4102252,0.578873
6755,4102252,0.578873
6756,4102252,0.578873
6757,4102252,0.578873
6758,4102252,0.578873
6759,4102252,0.578873
6760,4102252,0.578873
6761,4102252,0.578873
6762,4102252,0.578873
6763,4102252,0.578873
6764,4102252,0.578873
6765,4102252,0.578873
6766,4102252,0.578873
6767,4102252,0.578873
6768,4102252,0.578873
6769,4102252,0.578873
6770,4102252,0.578873
6771,4102252,0.578873
6772,4102252,0.578873
6773,4102252,0.578873
6774,4102252,0.578873
6775,4102252,0.578873
6776,4102252,0.578873
6777,4102252,0.578873
6778,4102252,0.578873
6779,4102252,0.578873
6780,4102252,0.578873
6781,4102252,0.578873
6782,4102252,0.578873
6783,4102252,0.578873
6784,4102252,0.578873
6785,4102252,0.578873
6786,4102252,0.578873
6787,4102252,0.578873
6788,4102252,0.578873
6789,4102252,0.578873
6790,4102252,0.578873
6791,4102252,0.578873
6792,4102252,0.578873
6793,4102252,0.578873
6794,4102252,0.578873
6795,4102252,0.578873
6796,4102252,0.578873
6797,4102252,0.578873
6798,4102252,0.578873
6799,4102252,0.578873
6800,4102252,0.578873
6801,4102252,0.578873
6802,4102252,0.578873
6803,4102252,0.578873
6804,4102252,0.578873
6805,4102252,0.578873
6806,4102252,0.578873
6807,4102252,0.578873
6808,4102252,0.578873
6809,4102252,0.578873
6810,4102252,0.578873
6811,4102252,0.578873
6812,4102252,0.578873
6813,4102252,0.578873
6814,4102252,0.578873
6815,4102252,0.578873
6816,4102252,0.578873
6817,4102252,0.578873
6818,4102252,0.578873
6819,4102252,0.578873
6820,4102252,0.578873
6821,4102252,0.578873
6822,4102252,0.578873
6823,4102252,0.578873
6824,4102252,0.578873
6825,4102252,0.578873
6826,4102252,0.578873
6827,4102252,0.578873
6828,4102252,0.578873
6829,4102252,0.578873
6830,4102252,0.578873
6831,4102252,0.578873
6832,4102252,0.578873
6833,4102252,0.578873
6834,4102252,0.578873
6835,4102252,0.578873
6836,4102252,0.578873
6837,4102252,0.578873
6838,4102252,0.578873
6839,4102252,0.578873
6840,4102252,0.578873
6841,4102252,0.578873
6842,4102252,0.578873
6843,4102252,0.578873
6844,4102252,0.578873
6845,4102252,0.578873
6846,4102252,0.578873
6847,4102252,0.578873
6848,4102252,0.578873
6849,4102252,0.578873
6850,4102252,0.578873
6851,4102252,0.578873
6852,4102252,0.578873
6853,4102252,0.578873
6854,4102252,0.578873
6855,4102252,0.578873
6856,4102252,0.578873
6857,4102252,0.578873
6858,4102252,0.578873
6859,4102252,0.578873
6860,4102252,0.578873
6861,4102252,0.578873
6862,4102252,0.578873
6863,4102252,0.578873
6864,4102252,0.578873
6865,4102252,0.578873
6866,4102252,0.578873
6867,4102252,0.578873
6868,4102252,0.578873
6869,4102252,0.578873
6870,4102252,0.578873
6871,4102252,0.578873
6872,4102252,0.578873
6873,4102252,0.578873
6874,4102252,0.578873
6875,4102252,0.578873
6876,4102252,0.578873
6877,4102252,0.578873
6878,4102252,0.578873
6879,4102252,0.578873
6880,4102252,0.578873
6881,4102252,0.578873
6882,4102252,0.578873
6883,4102252,0.578873
6884,4102252,0.578873
6885,4102252,0.578873
6886,4102252,0.578873
6887,4102252,0.578873
6888,4102252,0.578873
6889,4102252,0.578873
6890,4102252,0.578873
6891,4102252,0.578873
6892,4102252,0.578873
6893,4102252,0.578873
6894,4102252,0.578873
6895,4102252,0.578873
6896,4102252,0.578873
6897,4102252,0.578873
6898,4102252,0.578873
6899,4102252,0.578873
6900,4102252,0.578873
6901,4102252,0.578873
6902,4102252,0.578873
6903,4102252,0.578873
6904,4102252,0.578873
6905,4102252,0.578873
6906,4102252,0.578873
6907,4102252,0.578873
6908,4102252,0.578873
6909,4102252,0.578873
6910,4102252,0.578873
6911,4102252,0.578873
6912,4102252,0.578873
6913,4102252,0.578873
6914,4102252,0.578873
6915,4102252,0.578873
6916,4102252,0.578873
6917,4102252,0.578873
6918,4102252,0.578873
6919,4102252,0.578873
6920,4102252,0.578873
6921,4102252,0.578873
6922,4102252,0.578873
6923,4102252,0.578873
6924,4102252,0.578873
6925,4102252,0.578873
6926,4102252,0.578873
6927,4102252,0.578873
6928,4102252,0.578873
6929,4102252,0.578873
6930,4102252,0.578873
6931,4102252,0.578873
6932,4102252,0.578873
6933,4102252,0.578873
6934,4102252,0.578873
6935,4102252,0.578873
6936,4102252,0.578873
6937,4102252,0.578873
6938,4102252,0.578873
6939,4102252,0.578873
6940,4102252,0.578873
6941,4102252,0.578873
6942,4102252,0.578873
6943,4102252,0.578873
6944,4102252,0.578873
6945,4102252,0.578873
6946,4102252,0.578873
6947,4102252,0.578873
6948,4102252,0.578873
6949,4102252,0.578873
6950,4102252,0.578873
6951,4102252,0.578873
6952,4102252,0.578873
6953,4102252,0.578873
6954,4102252,0.578873
6955,4102252,0.578873
6956,4102252,0.578873
6957,4102252,0.578873
6958,4102252,0.578873
6959,4102252,0.578873
6960,4102252,0.578873
6961,4102252,0.578873
6962,4102252,0.578873
6963,4102252,0.578873
6964,4102252,0.578873
6965,4102252,0.578873
6966,4102252,0.578873
6967,4102252,0.578873
6968,4102252,0.578873
6969,4102252,0.578873
6970,4102252,0.578873
6971,4102252,0.578873
6972,4102252,0.578873
6973,4102252,0.578873
6974,4102252,0.578873
6975,4102252,0.578873
6976,4102252,0.578873
6977,4102252,0.578873
6978,4102252,0.578873
6979,4102252,0.578873
6980,4102252,0.578873
6981,4102252,0.578873
6982,4102252,0.578873
6983,4102252,0.578873
6984,4102252,0.578873
6985,4102252,0.578873
6986,4102252,0.578873
6987,4102252,0.578873
6988,4102252,0.578873
6989,4102252,0.578873
6990,4102252,0.578873
6991,4102252,0.578873
6992,4102252,0.578873
6993,4102252,0.578873
6994,4102252,0.578873
6995,4102252,0.578873
6996,4102252,0.578873
6997,4102252,0.578873
6998,4102252,0.578873
6999,4102252,0.578873
7000,4102252,0.578873
7001,4102252,0.578873
7002,4102252,0.578873
7003,4102252,0.578873
7004,4102252,0.578873
7005,4102252,0.578873
7006,4102252,0.578873
7007,4102252,0.578873
7008,4102252,0.578873
7009,4102252,0.578873
7010,4102252,0.578873
7011,4102252,0.578873
7012,4102252,0.578873
7013,4102252,0.578873
7014,4102252,0.578873
7015,4102252,0.578873
7016,4102252,0.578873
7017,4102252,0.578873
7018,4102252,0.578873
7019,4102252,0.578873
7020,4102252,0.578873
7021,4102252,0.578873
7022,4102252,0.578873
7023,4102252,0.578873
7024,4102252,0.578873
7025,4102252,0.578873
7026,4102252,0.578873
7027,4102252,0.578873
7028,4102252,0.578873
7029,4102252,0.578873
7030,4102252,0.578873
7031,4102252,0.578873
7032,4102252,0.578873
7033,4102252,0.578873
7034,4102252,0.578873
7035,4102252,0.578873
7036,4102252,0.578873
7037,4102252,0.578873
7038,4102252,0.578873
7039,4102252,0.578873
7040,4102252,0.578873
7041,4102252,0.578873
7042,4102252,0.578873
7043,4102252,0.578873
7044,4102252,0.578873
7045,4102252,0.578873
7046,4102252,0.578873
7047,4102252,0.578873
7048,4102252,0.578873
7049,4102252,0.578873
7050,4102252,0.578873
7051,4102252,0.578873
7052,4102252,0.578873
7053,4102252,0.578873
7054,4102252,0.578873
7055,4102252,0.578873
7056,4102252,0.578873
7057,4102252,0.578873
7058,4102252,0.578873
7059,4102252,0.578873
7060,4102252,0.578873
7061,4102252,0.578873
7062,4102252,0.578873
7063,4102252,0.578873
7064,4102252,0.578873
7065,4102252,0.578873
7066,4102252,0.578873
7067,4102252,0.578873
7068,4102252,0.578873
7069,4102252,0.578873
7070,4102252,0.578873
7071,4102252,0.578873
7072,4102252,0.578873
7073,4102252,0.578873
7074,4102252,0.578873
7075,4102252,0.578873
7076,4102252,0.578873
7077,4102252,0.578873
7078,4102252,0.578873
7079,4102252,0.578873
7080,4102252,0.578873
7081,4102252,0.578873
7082,4102252,0.578873
7083,4102252,0.578873
7084,4102252,0.578873
7085,4102252,0.578873
7086,4102252,0.578873
7087,4102252,0.578873
7088,4102252,0.578873
7089,4102252,0.578873
7090,4102252,0.578873
7091,4102252,0.578873
7092,4102252,0.578873
7093,4102252,0.578873
7094,4102252,0.578873
7095,4102252,0.578873
7096,4102252,0.578873
7097,4102252,0.578873
7098,4102252,0.578873
7099,4102252,0.578873
7100,4102252,0.578873
7101,4102252,0.578873
7102,4102252,0.578873
7103,4102252,0.578873
7104,4102252,0.578873
7105,4102252,0.578873
7106,4102252,0.578873
7107,4102252,0.578873
7108,4102252,0.578873
7109,4102252,0.578873
7110,4102252,0.578873
7111,4102252,0.578873
7112,4102252,0.578873
7113,4102252,0.578873
7114,4102252,0.578873
7115,4102252,0.578873
7116,4102252,0.578873
7117,4102252,0.578873
7118,4102252,0.578873
7119,4102252,0.578873
7120,4102252,0.578873
7121,4102252,0.578873
7122,4102252,0.578873
7123,4102252,0.578873
7124,4102252,0.578873
7125,4102252,0.578873
7126,4102252,0.578873
7127,4102252,0.578873
7128,4102252,0.578873
7129,4102252,0.578873
7130,4102252,0.578873
7131,4102252,0.578873
7132,4102252,0.578873
7133,4102252,0.578873
7134,4102252,0.578873
7135,4102252,0.578873
7136,4102252,0.578873
7137,4102252,0.578873
7138,4102252,0.578873
7139,4102252,0.578873
7140,4102252,0.578873
7141,4102252,0.578873
7142,4102252,0.578873
7143,4102252,0.578873
7144,4102252,0.578873
7145,4102252,0.578873
7146,4102252,0.578873
7147,4102252,0.578873
7148,4102252,0.578873
7149,4102252,0.578873
7150,4102252,0.578873
7151,4102252,0.578873
7152,4102252,0.578873
7153,4102252,0.578873
7154,4102252,0.578873
7155,4102252,0.578873
7156,4102252,0.578873
7157,4102252,0.578873
7158,4102252,0.578873
7159,4102252,0.578873
7160,4102252,0.578873
7161,4102252,0.578873
7162,4102252,0.578873
7163,4102252,0.578873
7164,4102252,0.578873
7165,4102252,0.578873
7166,4102252,0.578873
7167,4102252,0.578873
7168,4102252,0.578873
7169,4102252,0.578873
7170,4102252,0.578873
7171,4102252,0.578873
7172,4102252,0.578873
7173,4102252,0.578873
7174,4102252,0.578873
7175,4102252,0.578873
7176,4102252,0.578873
7177,4102252,0.578873
7178,4102252,0.578873
7179,4102252,0.578873
7180,4102252,0.578873
7181,4102252,0.578873
7182,4102252,0.578873
7183,4102252,0.578873
7184,4102252,0.578873
7185,4102252,0.578873
7186,4102252,0.578873
7187,4102252,0.578873
7188,4102252,0.578873
7189,4102252,0.578873
7190,4102252,0.578873
7191,4102252,0.578873
7192,4102252,0.578873
7193,4102252,0.578873
7194,4102252,0.578873
7195,4102252,0.578873
7196,4102252,0.578873
7197,4102252,0.578873
7198,4102252,0.578873
7199,4102252,0.578873
7200,4102252,0.578873
7201,4102252,0.578873
7202,4102252,0.578873
7203,4102252,0.578873
7204,4102252,0.578873
7205,4102252,0.578873
7206,4102252,0.578873
7207,4102252,0.578873
7208,4102252,0.578873
7209,4102252,0.578873
7210,4102252,0.578873
7211,4102252,0.578873
7212,4102252,0.578873
7213,4102252,0.578873
7214,4102252,0.578873
7215,4102252,0.578873
7216,4102252,0.578873
7217,4102252,0.578873
7218,4102252,0.578873
7219,4102252,0.578873
7220,4102252,0.578873
7221,4102252,0.578873
7222,4102252,0.578873
7223,4102252,0.578873
7224,4102252,0.578873
7225,4102252,0.578873
7226,4102252,0.578873
7227,4102252,0.578873
7228,4102252,0.578873
7229,4102252,0.578873
7230,4102252,0.578873
7231,4102252,0.578873
7232,4102252,0.578873
7233,4102252,0.578873
7234,4102252,0.578873
7235,4102252,0.578873
7236,4102252,0.578873
7237,4102252,0.578873
7238,4102252,0.578873
7239,4102252,0.578873
7240,4102252,0.578873
7241,4102252,0.578873
7242,4102252,0.578873
7243,4102252,0.578873
7244,4102252,0.578873
7245,4102252,0.578873
7246,4102252,0.578873
7247,4102252,0.578873
7248,4102252,0.578873
7249,4102252,0.578873
7250,4102252,0.578873
7251,4102252,0.578873
7252,4102252,0.578873
7253,4102252,0.578873
7254,4102252,0.578873
7255,4102252,0.578873
7256,4102252,0.578873
7257,4102252,0.578873
7258,4102252,0.578873
7259,4102252,0.578873
7260,4102252,0.578873
7261,4102252,0.578873
7262,4102252,0.578873
7263,4102252,0.578873
7264,4102252,0.578873
7265,4102252,0.578873
7266,4102252,0.578873
7267,4102252,0.578873
7268,4102252,0.578873
7269,4102252,0.578873
7270,4102252,0.578873
7271,4102252,0.578873
7272,4102252,0.578873
7273,4102252,0.578873
7274,4102252,0.578873
7275,4102252,0.578873
7276,4102252,0.578873
7277,4102252,0.578873
7278,4102252,0.578873
7279,4102252,0.578873
7280,4102252,0.578873
7281,4102252,0.578873
7282,4102252,0.578873
7283,4102252,0.578873
7284,4102252,0.578873
7285,4102252,0.578873
7286,4102252,0.578873
7287,4102252,0.578873
7288,4102252,0.578873
7289,4102252,0.578873
7290,4102252,0.578873
7291,4102252,0.578873
7292,4102252,0.578873
7293,4102252,0.578873
7294,4102252,0.578873
7295,4102252,0.578873
7296,4102252,0.578873
7297,4102252,0.578873
7298,4102252,0.578873
7299,4102252,0.578873
7300,4102252,0.578873
7301,4102252,0.578873
7302,4102252,0.578873
7303,4102252,0.578873
7304,4102252,0.578873
7305,4102252,0.578873
7306,4102252,0.578873
7307,4102252,0.578873
7308,4102252,0.578873
7309,4102252,0.578873
7310,4102252,0.578873
7311,4102252,0.578873
7312,4102252,0.578873
7313,4102252,0.578873
7314,4102252,0.578873
7315,4102252,0.578873
7316,4102252,0.578873
7317,4102252,0.578873
7318,4102252,0.578873
7319,4102252,0.578873
7320,4102252,0.578873
7321,4102252,0.578873
7322,4102252,0.578873
7323,4102252,0.578873
7324,4102252,0.578873
7325,4102252,0.578873
7326,4102252,0.578873
7327,4102252,0.578873
7328,4102252,0.578873
7329,4102252,0.578873
7330,4102252,0.578873
7331,4102252,0.578873
7332,4102252,0.578873
7333,4102252,0.578873
7334,4102252,0.578873
7335,4102252,0.578873
7336,4102252,0.578873
7337,4102252,0.578873
7338,4102252,0.578873
7339,4102252,0.578873
7340,4102252,0.578873
7341,4102252,0.578873
7342,4102252,0.578873
7343,4102252,0.578873
7344,4102252,0.578873
7345,4102252,0.578873
7346,4102252,0.578873
7347,4102252,0.578873
7348,4102252,0.578873
7349,4102252,0.578873
7350,4102252,0.578873
7351,4102252,0.578873
7352,4102252,0.578873
7353,4102252,0.578873
7354,4102252,0.578873
7355,4102252,0.578873
7356,4102252,0.578873
7357,4102252,0.578873
7358,4102252,0.578873
7359,4102252,0.578873
7360,4102252,0.578873
7361,4102252,0.578873
7362,4102252,0.578873
7363,4102252,0.578873
7364,4102252,0.578873
7365,4102252,0.578873
7366,4102252,0.578873
7367,4102252,0.578873
7368,4102252,0.578873
7369,4102252,0.578873
7370,4102252,0.578873
7371,4102252,0.578873
7372,4102252,0.578873
7373,4102252,0.578873
7374,4102252,0.578873
7375,4102252,0.578873
7376,4102252,0.578873
7377,4102252,0.578873
7378,4102252,0.578873
7379,4102252,0.578873
7380,4102252,0.578873
7381,4102252,0.578873
7382,4102252,0.578873
7383,4102252,0.578873
7384,4102252,0.578873
7385,4102252,0.578873
7386,4102252,0.578873
7387,4102252,0.578873
7388,4102252,0.578873
7389,4102252,0.578873
7390,4102252,0.578873
7391,4102252,0.578873
7392,4102252,0.578873
7393,4102252,0.578873
7394,4102252,0.578873
7395,4102252,0.578873
7396,4102252,0.578873
7397,4102252,0.578873
7398,4102252,0.578873
7399,4102252,0.578873
7400,4102252,0.578873
7401,4102252,0.578873
7402,4102252,0.578873
7403,4102252,0.578873
7404,4102252,0.578873
7405,4102252,0.578873
7406,4102252,0.578873
7407,4102252,0.578873
7408,4102252,0.578873
7409,4102252,0.578873
7410,4102252,0.578873
7411,4102252,0.578873
7412,4102252,0.578873
7413,4102252,0.578873
7414,4102252,0.578873
7415,4102252,0.578873
7416,4102252,0.578873
7417,4102252,0.578873
7418,4102252,0.578873
7419,4102252,0.578873
7420,4102252,0.578873
7421,4102252,0.578873
7422,4102252,0.578873
7423,4102252,0.578873
7424,4102252,0.578873
7425,4102252,0.578873
7426,4102252,0.578873
7427,4102252,0.578873
7428,4102252,0.578873
7429,4102252,0.578873
7430,4102252,0.578873
7431,4102252,0.578873
7432,4102252,0.578873
7433,4102252,0.578873
7434,4102252,0.578873
7435,4102252,0.578873
7436,4102252,0.578873
7437,4102252,0.578873
7438,4102252,0.578873
7439,4102252,0.578873
7440,4102252,0.578873
7441,4102252,0.578873
7442,4102252,0.578873
7443,4102252,0.578873
7444,4102252,0.578873
7445,4102252,0.578873
7446,4102252,0.578873
7447,4102252,0.578873
7448,4102252,0.578873
7449,4102252,0.578873
7450,4102252,0.578873
7451,4102252,0.578873
7452,4102252,0.578873
7453,4102252,0.578873
7454,4102252,0.578873
7455,4102252,0.578873
7456,4102252,0.578873
7457,4102252,0.578873
7458,4102252,0.578873
7459,4102252,0.578873
7460,4102252,0.578873
7461,4102252,0.578873
7462,4102252,0.578873
7463,4102252,0.578873
7464,4102252,0.578873
7465,4102252,0.578873
7466,4102252,0.578873
7467,4102252,0.578873
7468,4102252,0.578873
7469,4102252,0.578873
7470,4102252,0.578873
7471,4102252,0.578873
7472,4102252,0.578873
7473,4102252,0.578873
7474,4102252,0.578873
7475,4102252,0.578873
7476,4102252,0.578873
7477,4102252,0.578873
7478,4102252,0.578873
7479,4102252,0.578873
7480,4102252,0.578873
7481,4102252,0.578873
7482,4102252,0.578873
7483,4102252,0.578873
7484,4102252,0.578873
7485,4102252,0.578873
7486,4102252,0.578873
7487,4102252,0.578873
7488,4102252,0.578873
7489,4102252,0.578873
7490,4102252,0.578873
7491,4102252,0.578873
7492,4102252,0.578873
7493,4102252,0.578873
7494,4102252,0.578873
7495,4102252,0.578873
7496,4102252,0.578873
7497,4102252,0.578873
7498,4102252,0.578873
7499,4102252,0.578873
7500,4102252,0.578873
7501,4102252,0.578873
7502,4102252,0.578873
7503,4102252,0.578873
7504,4102252,0.578873
7505,4102252,0.578873
7506,4102252,0.578873
7507,4102252,0.578873
7508,4102252,0.578873
7509,4102252,0.578873
7510,4102252,0.578873
7511,4102252,0.578873
7512,4102252,0.578873
7513,4102252,0.578873
7514,4102252,0.578873
7515,4102252,0.578873
7516,4102252,0.578873
7517,4102252,0.578873
7518,4102252,0.578873
7519,4102252,0.578873
7520,4102252,0.578873
7521,4102252,0.578873
7522,4102252,0.578873
7523,4102252,0.578873
7524,4102252,0.578873
7525,4102252,0.578873
7526,4102252,0.578873
7527,4102252,0.578873
7528,4102252,0.578873
7529,4102252,0.578873
7530,4102252,0.578873
7531,4102252,0.578873
7532,4102252,0.578873
7533,4102252,0.578873
7534,4102252,0.578873
7535,4102252,0.578873
7536,4102252,0.578873
7537,4102252,0.578873
7538,4102252,0.578873
7539,4102252,0.578873
7540,4102252,0.578873
7541,4102252,0.578873
7542,4102252,0.578873
7543,4102252,0.578873
7544,4102252,0.578873
7545,4102252,0.578873
7546,4102252,0.578873
7547,4102252,0.578873
7548,4102252,0.578873
7549,4102252,0.578873
7550,4102252,0.578873
7551,4102252,0.578873
7552,4102252,0.578873
7553,4102252,0.578873
7554,4102252,0.578873
7555,4102252,0.578873
7556,4102252,0.578873
7557,4102252,0.578873
7558,4102252,0.578873
7559,4102252,0.578873
7560,4102252,0.578873
7561,4102252,0.578873
7562,4102252,0.578873
7563,4102252,0.578873
7564,4102252,0.578873
7565,4102252,0.578873
7566,4102252,0.578873
7567,4102252,0.578873
7568,4102252,0.578873
7569,4102252,0.578873
7570,4102252,0.578873
7571,4102252,0.578873
7572,4102252,0.578873
7573,4102252,0.578873
7574,4102252,0.578873
7575,4102252,0.578873
7576,4102252,0.578873
7577,4102252,0.578873
7578,4102252,0.578873
7579,4102252,0.578873
7580,4102252,0.578873
7581,4102252,0.578873
7582,4102252,0.578873
7583,4102252,0.578873
7584,4102252,0.578873
7585,4102252,0.578873
7586,4102252,0.578873
7587,4102252,0.578873
7588,4102252,0.578873
7589,4102252,0.578873
7590,4102252,0.578873
7591,4102252,0.578873
7592,4102252,0.578873
7593,4102252,0.578873
7594,4102252,0.578873
7595,4102252,0.578873
7596,4102252,0.578873
7597,4102252,0.578873
7598,4102252,0.578873
7599,4102252,0.578873
7600,4102252,0.578873
7601,4102252,0.578873
7602,4102252,0.578873
7603,4102252,0.578873
7604,4102252,0.578873
7605,4102252,0.578873
7606,4102252,0.578873
7607,4102252,0.578873
7608,4102252,0.578873
7609,4102252,0.578873
7610,4102252,0.578873
7611,4102252,0.578873
7612,4102252,0.578873
7613,4102252,0.578873
7614,4102252,0.578873
7615,4102252,0.578873
7616,4102252,0.578873
7617,4102252,0.578873
7618,4102252,0.578873
7619,4102252,0.578873
7620,4102252,0.578873
7621,4102252,0.578873
7622,4102252,0.578873
7623,4102252,0.578873
7624,4102252,0.578873
7625,4102252,0.578873
7626,4102252,0.578873
7627,4102252,0.578873
7628,4102252,0.578873
7629,4102252,0.578873
7630,4102252,0.578873
7631,4102252,0.578873
7632,4102252,0.578873
7633,4102252,0.578873
7634,4102252,0.578873
7635,4102252,0.578873
7636,4102252,0.578873
7637,4102252,0.578873
7638,4102252,0.578873
7639,4102252,0.578873
7640,4102252,0.578873
7641,4102252,0.578873
7642,4102252,0.578873
7643,4102252,0.578873
7644,4102252,0.578873
7645,4102252,0.578873
7646,4102252,0.578873
7647,4102252,0.578873
7648,4102252,0.578873
7649,4102252,0.578873
7650,4102252,0.578873
7651,4102252,0.578873
7652,4102252,0.578873
7653,4102252,0.578873
7654,4102252,0.578873
7655,4102252,0.578873
7656,4102252,0.578873
7657,4102252,0.578873
7658,4102252,0.578873
7659,4102252,0.578873
7660,4102252,0.578873
7661,4102252,0.578873
7662,4102252,0.578873
7663,4102252,0.578873
7664,4102252,0.578873
7665,4102252,0.578873
7666,4102252,0.578873
7667,4102252,0.578873
7668,4102252,0.578873
7669,4102252,0.578873
7670,4102252,0.578873
7671,4102252,0.578873
7672,4102252,0.578873
7673,4102252,0.578873
7674,4102252,0.578873
7675,4102252,0.578873
7676,4102252,0.578873
7677,4102252,0.578873
7678,4102252,0.578873
7679,4102252,0.578873
7680,4102252,0.578873
7681,4102252,0.578873
7682,4102252,0.578873
7683,4102252,0.578873
7684,4102252,0.578873
7685,4102252,0.578873
7686,4102252,0.578873
7687,4102252,0.578873
7688,4102252,0.578873
7689,4102252,0.578873
7690,4102252,0.578873
7691,4102252,0.578873
7692,4102252,0.578873
7693,4102252,0.578873
7694,4102252,0.578873
7695,4102252,0.578873
7696,4102252,0.578873
7697,4102252,0.578873
7698,4102252,0.578873
7699,4102252,0.578873
7700,4102252,0.578873
7701,4102252,0.578873
7702,4102252,0.578873
7703,4102252,0.578873
7704,4102252,0.578873
7705,4102252,0.578873
7706,4102252,0.578873
7707,4102252,0.578873
7708,4102252,0.578873
7709,4102252,0.578873
7710,4102252,0.578873
7711,4102252,0.578873
7712,4102252,0.578873
7713,4102252,0.578873
7714,4102252,0.578873
7715,4102252,0.578873
7716,4102252,0.578873
7717,4102252,0.578873
7718,4102252,0.578873
7719,4102252,0.578873
7720,4102252,0.578873
7721,4102252,0.578873
7722,4102252,0.578873
7723,4102252,0.578873
7724,4102252,0.578873
7725,4102252,0.578873
7726,4102252,0.578873
7727,4102252,0.578873
7728,4102252,0.578873
7729,4102252,0.578873
7730,4102252,0.578873
7731,4102252,0.578873
7732,4102252,0.578873
7733,4102252,0.578873
7734,4102252,0.578873
7735,4102252,0.578873
7736,4102252,0.578873
7737,4102252,0.578873
7738,4102252,0.578873
7739,4102252,0.578873
7740,4102252,0.578873
7741,4102252,0.578873
7742,4102252,0.578873
7743,4102252,0.578873
7744,4102252,0.578873
7745,4102252,0.578873
7746,4102252,0.578873
7747,4102252,0.578873
7748,4102252,0.578873
7749,4102252,0.578873
7750,4102252,0.578873
7751,4102252,0.578873
7752,4102252,0.578873
7753,4102252,0.578873
7754,4102252,0.578873
7755,4102252,0.578873
7756,4102252,0.578873
7757,4102252,0.578873
7758,4102252,0.578873
7759,4102252,0.578873
7760,4102252,0.578873
7761,4102252,0.578873
7762,4102252,0.578873
7763,4102252,0.578873
7764,4102252,0.578873
7765,4102252,0.578873
7766,4102252,0.578873
7767,4102252,0.578873
7768,4102252,0.578873
7769,4102252,0.578873
7770,4102252,0.578873
7771,4102252,0.578873
7772,4102252,0.578873
7773,4102252,0.578873
7774,4102252,0.578873
7775,4102252,0.578873
7776,4102252,0.578873
7777,4102252,0.578873
7778,4102252,0.578873
7779,4102252,0.578873
7780,4102252,0.578873
7781,4102252,0.578873
7782,4102252,0.578873
7783,4102252,0.578873
7784,4102252,0.578873
7785,4102252,0.578873
7786,4102252,0.578873
7787,4102252,0.578873
7788,4102252,0.578873
7789,4102252,0.578873
7790,4102252,0.578873
7791,4102252,0.578873
7792,4102252,0.578873
7793,4102252,0.578873
7794,4102252,0.578873
7795,4102252,0.578873
7796,4102252,0.578873
7797,4102252,0.578873
7798,4102252,0.578873
7799,4102252,0.578873
7800,4102252,0.578873
7801,4102252,0.578873
7802,4102252,0.578873
7803,4102252,0.578873
7804,4102252,0.578873
7805,4102252,0.578873
7806,4102252,0.578873
7807,4102252,0.578873
7808,4102252,0.578873
7809,4102252,0.578873
7810,4102252,0.578873
7811,4102252,0.578873
7812,4102252,0.578873
7813,4102252,0.578873
7814,4102252,0.578873
7815,4102252,0.578873
7816,4102252,0.578873
7817,4102252,0.578873
7818,4102252,0.578873
7819,4102252,0.578873
7820,4102252,0.578873
7821,4102252,0.578873
7822,4102252,0.578873
7823,4102252,0.578873
7824,4102252,0.578873
7825,4102252,0.578873
7826,4102252,0.578873
7827,4102252,0.578873
7828,4102252,0.578873
7829,4102252,0.578873
7830,4102252,0.578873
7831,4102252,0.578873
7832,4102252,0.578873
7833,4102252,0.578873
7834,4102252,0.578873
7835,4102252,0.578873
7836,4102252,0.578873
7837,4102252,0.578873
7838,4102252,0.578873
7839,4102252,0.578873
7840,4102252,0.578873
7841,4102252,0.578873
7842,4102252,0.578873
7843,4102252,0.578873
7844,4102252,0.578873
7845,4102252,0.578873
7846,4102252,0.578873
7847,4102252,0.578873
7848,4102252,0.578873
7849,4102252,0.578873
7850,4102252,0.578873
7851,4102252,0.578873
7852,4102252,0.578873
7853,4102252,0.578873
7854,4102252,0.578873
7855,4102252,0.578873
7856,4102252,0.578873
7857,4102252,0.578873
7858,4102252,0.578873
7859,4102252,0.578873
7860,4102252,0.578873
7861,4102252,0.578873
7862,4102252,0.578873
7863,4102252,0.578873
7864,4102252,0.578873
7865,4102252,0.578873
7866,4102252,0.578873
7867,4102252,0.578873
7868,4102252,0.578873
7869,4102252,0.578873
7870,4102252,0.578873
7871,4102252,0.578873
7872,4102252,0.578873
7873,4102252,0.578873
7874,4102252,0.578873
7875,4102252,0.578873
7876,4102252,0.578873
7877,4102252,0.578873
7878,4102252,0.578873
7879,4102252,0.578873
7880,4102252,0.578873
7881,4102252,0.578873
7882,4102252,0.578873
7883,4102252,0.578873
7884,4102252,0.578873
7885,4102252,0.578873
7886,4102252,0.578873
7887,4102252,0.578873
7888,4102252,0.578873
7889,4102252,0.578873
7890,4102252,0.578873
7891,4102252,0.578873
7892,4102252,0.578873
7893,4102252,0.578873
7894,4102252,0.578873
7895,4102252,0.578873
7896,4102252,0.578873
7897,4102252,0.578873
7898,4102252,0.578873
7899,4102252,0.578873
7900,4102252,0.578873
7901,4102252,0.578873
7902,4102252,0.578873
7903,4102252,0.578873
7904,4102252,0.578873
7905,4102252,0.578873
7906,4102252,0.578873
7907,4102252,0.578873
7908,4102252,0.578873
7909,4102252,0.578873
7910,4102252,0.578873
7911,4102252,0.578873
7912,4102252,0.578873
7913,4102252,0.578873
7914,4102252,0.578873
7915,4102252,0.578873
7916,4102252,0.578873
7917,4102252,0.578873
7918,4102252,0.578873
7919,4102252,0.578873
7920,4102252,0.578873
7921,4102252,0.578873
7922,4102252,0.578873
7923,4102252,0.578873
7924,4102252,0.578873
7925,4102252,0.578873
7926,4102252,0.578873
7927,4102252,0.578873
7928,4102252,0.578873
7929,4102252,0.578873
7930,4102252,0.578873
7931,4102252,0.578873
7932,4102252,0.578873
7933,4102252,0.578873
7934,4102252,0.578873
7935,4102252,0.578873
7936,4102252,0.578873
7937,4102252,0.578873
7938,4102252,0.578873
7939,4102252,0.578873
7940,4102252,0.578873
7941,4102252,0.578873
7942,4102252,0.578873
7943,4102252,0.578873
7944,4102252,0.578873
7945,4102252,0.578873
7946,4102252,0.578873
7947,4102252,0.578873
7948,4102252,0.578873
7949,4102252,0.578873
7950,4102252,0.578873
7951,4102252,0.578873
7952,4102252,0.578873
7953,4102252,0.578873
7954,4102252,0.578873
7955,4102252,0.578873
7956,4102252,0.578873
7957,4102252,0.578873
7958,4102252,0.578873
7959,4102252,0.578873
7960,4102252,0.578873
7961,4102252,0.578873
7962,4102252,0.578873
7963,4102252,0.578873
7964,4102252,0.578873
7965,4102252,0.578873
7966,4102252,0.578873
7967,4102252,0.578873
7968,4102252,0.578873
7969,4102252,0.578873
7970,4102252,0.578873
7971,4102252,0.578873
7972,4102252,0.578873
7973,4102252,0.578873
7974,4102252,0.578873
7975,4102252,0.578873
7976,4102252,0.578873
7977,4102252,0.578873
7978,4102252,0.578873
7979,4102252,0.578873
7980,4102252,0.578873
7981,4102252,0.578873
7982,4102252,0.578873
7983,4102252,0.578873
7984,4102252,0.578873
7985,4102252,0.578873
7986,4102252,0.578873
7987,4102252,0.578873
7988,4102252,0.578873
7989,4102252,0.578873
7990,4102252,0.578873
7991,4102252,0.578873
7992,4102252,0.578873
7993,4102252,0.578873
7994,4102252,0.578873
7995,4102252,0.578873
7996,4102252,0.578873
7997,4102252,0.578873
7998,4102252,0.578873
7999,4102252,0.578873
8000,4102252,0.578873
8001,4102252,0.578873
8002,4102252,0.578873
8003,4102252,0.578873
8004,4102252,0.578873
8005,4102252,0.578873
8006,4102252,0.578873
8007,4102252,0.578873
8008,4102252,0.578873
8009,4102252,0.578873
8010,4102252,0.578873
8011,4102252,0.578873
8012,4102252,0.578873
8013,4102252,0.578873
8014,4102252,0.578873
8015,4102252,0.578873
8016,4102252,0.578873
8017,4102252,0.578873
8018,4102252,0.578873
8019,4102252,0.578873
8020,4102252,0.578873
8021,4102252,0.578873
8022,4102252,0.578873
8023,4102252,0.578873
8024,4102252,0.578873
8025,4102252,0.578873
8026,4102252,0.578873
8027,4102252,0.578873
8028,4102252,0.578873
8029,4102252,0.578873
8030,4102252,0.578873
8031,4102252,0.578873
8032,4102252,0.578873
8033,4102252,0.578873
8034,4102252,0.578873
8035,4102252,0.578873
8036,4102252,0.578873
8037,4102252,0.578873
8038,4102252,0.578873
8039,4102252,0.578873
8040,4102252,0.578873
8041,4102252,0.578873
8042,4102252,0.578873
8043,4102252,0.578873
8044,4102252,0.578873
8045,4102252,0.578873
8046,4102252,0.578873
8047,4102252,0.578873
8048,4102252,0.578873
8049,4102252,0.578873
8050,4102252,0.578873
8051,4102252,0.578873
8052,4102252,0.578873
8053,4102252,0.578873
8054,4102252,0.578873